sa2_code,sa2_name,state,state_abbrev,population,median_age
101021007,Braidwood,New South Wales,NSW,4343,51
101021008,Karabar,New South Wales,NSW,8517,38
101021009,Queanbeyan,New South Wales,NSW,11342,37
101021010,Queanbeyan - East,New South Wales,NSW,5085,36
101021012,Queanbeyan West - Jerrabomberra,New South Wales,NSW,12744,37
101021610,Googong,New South Wales,NSW,6224,31
101021611,Queanbeyan Surrounds,New South Wales,NSW,16539,42
101031013,Bombala,New South Wales,NSW,2454,49
101031014,Cooma,New South Wales,NSW,6761,44
101031015,Cooma Surrounds,New South Wales,NSW,3472,50
101031016,Jindabyne - Berridale,New South Wales,NSW,8035,38
101041017,Batemans Bay,New South Wales,NSW,8581,51
101041018,Batemans Bay - South,New South Wales,NSW,8938,54
101041019,Bega - Tathra,New South Wales,NSW,8872,46
101041020,Bega-Eden Hinterland,New South Wales,NSW,9557,51
101041021,Broulee - Tomakin,New South Wales,NSW,3792,52
101041022,Deua - Wadbilliga,New South Wales,NSW,43,59
101041023,Eden,New South Wales,NSW,3425,53
101041024,Eurobodalla Hinterland,New South Wales,NSW,3525,53
101041025,Merimbula - Tura Beach,New South Wales,NSW,11513,54
101041026,Moruya - Tuross Head,New South Wales,NSW,8600,56
101041027,Narooma - Bermagui,New South Wales,NSW,9888,59
101051539,Goulburn,New South Wales,NSW,24565,40
101051540,Goulburn Surrounds,New South Wales,NSW,13839,48
101061541,Yass,New South Wales,NSW,6763,42
101061542,Yass Surrounds,New South Wales,NSW,12713,43
101061543,Young,New South Wales,NSW,11004,42
101061544,Young Surrounds,New South Wales,NSW,7677,49
102011028,Avoca Beach - Copacabana,New South Wales,NSW,7513,43
102011029,Box Head - MacMasters Beach,New South Wales,NSW,11042,49
102011030,Calga - Kulnura,New South Wales,NSW,4716,48
102011031,Erina - Green Point,New South Wales,NSW,14758,50
102011032,Gosford - Springfield,New South Wales,NSW,21204,39
102011033,Kariong,New South Wales,NSW,6485,36
102011034,Kincumber - Picketts Valley,New South Wales,NSW,7615,47
102011035,Narara,New South Wales,NSW,7157,39
102011036,Niagara Park - Lisarow,New South Wales,NSW,8205,40
102011037,Point Clare - Koolewong,New South Wales,NSW,6571,46
102011038,Saratoga - Davistown,New South Wales,NSW,7160,45
102011039,Terrigal - North Avoca,New South Wales,NSW,14849,43
102011040,Umina - Booker Bay - Patonga,New South Wales,NSW,24697,47
102011041,Wamberal - Forresters Beach,New South Wales,NSW,10675,42
102011042,Woy Woy - Blackwall,New South Wales,NSW,14346,47
102011043,Wyoming,New South Wales,NSW,11423,41
102021044,Bateau Bay - Killarney Vale,New South Wales,NSW,22825,41
102021045,Blue Haven - San Remo,New South Wales,NSW,11290,34
102021046,Budgewoi - Buff Point - Halekulani,New South Wales,NSW,9728,45
102021047,Chittaway Bay - Tumbi Umbi,New South Wales,NSW,16006,40
102021048,Gorokan - Kanwal - Charmhaven,New South Wales,NSW,22362,42
102021049,Jilliby - Yarramalong,New South Wales,NSW,3420,44
102021050,Lake Munmorah - Mannering Park,New South Wales,NSW,10960,52
102021051,Ourimbah - Fountaindale,New South Wales,NSW,4928,40
102021052,Summerland Point - Gwandalan,New South Wales,NSW,6492,45
102021053,The Entrance,New South Wales,NSW,15839,48
102021054,Toukley - Norah Head,New South Wales,NSW,9909,47
102021055,Tuggerah - Kangy Angy,New South Wales,NSW,5229,38
102021056,Warnervale - Wadalba,New South Wales,NSW,20051,35
102021057,Wyong,New South Wales,NSW,9120,40
103011059,Bathurst - East,New South Wales,NSW,12330,36
103011060,Bathurst Surrounds,New South Wales,NSW,6909,47
103011061,Oberon,New South Wales,NSW,4834,48
103011612,Bathurst - South,New South Wales,NSW,10752,39
103011613,Bathurst - West,New South Wales,NSW,14313,37
103021062,Condobolin,New South Wales,NSW,6372,41
103021063,Cowra,New South Wales,NSW,9273,45
103021064,Cowra Surrounds,New South Wales,NSW,5716,50
103021065,Forbes,New South Wales,NSW,10020,43
103021066,Grenfell,New South Wales,NSW,3597,52
103021067,Parkes (NSW),New South Wales,NSW,10919,39
103021068,Parkes Surrounds,New South Wales,NSW,3262,45
103021069,West Wyalong,New South Wales,NSW,5525,43
103031070,Lithgow,New South Wales,NSW,12385,46
103031071,Lithgow Surrounds,New South Wales,NSW,8448,47
103031072,Mudgee,New South Wales,NSW,12563,37
103031073,Mudgee Surrounds - East,New South Wales,NSW,3398,53
103031074,Mudgee Surrounds - West,New South Wales,NSW,11072,45
103031075,Wollangambe - Wollemi,New South Wales,NSW,0,0
103041076,Blayney,New South Wales,NSW,7517,43
103041077,Orange,New South Wales,NSW,19023,40
103041078,Orange - North,New South Wales,NSW,22895,34
103041079,Orange Surrounds,New South Wales,NSW,11830,43
104011080,Grafton,New South Wales,NSW,19255,43
104011081,Grafton Surrounds,New South Wales,NSW,16875,49
104011082,Maclean - Yamba - Iluka,New South Wales,NSW,17533,55
104021083,Bellingen,New South Wales,NSW,6168,46
104021084,Coffs Harbour - North,New South Wales,NSW,18099,42
104021085,Coffs Harbour - South,New South Wales,NSW,11305,45
104021086,Coramba - Nana Glen - Bucca,New South Wales,NSW,3950,44
104021087,Dorrigo,New South Wales,NSW,3250,54
104021088,Korora - Emerald Beach,New South Wales,NSW,10262,43
104021089,Sawtell - Boambee,New South Wales,NSW,20066,45
104021090,Urunga,New South Wales,NSW,4907,53
104021091,Woolgoolga - Arrawarra,New South Wales,NSW,14463,43
105011092,Bourke - Brewarrina,New South Wales,NSW,3428,36
105011093,Cobar,New South Wales,NSW,4129,37
105011094,Coonamble,New South Wales,NSW,3926,38
105011095,Nyngan - Warren,New South Wales,NSW,4591,44
105011096,Walgett - Lightning Ridge,New South Wales,NSW,5534,44
105021097,Broken Hill,New South Wales,NSW,17588,44
105021098,Far West,New South Wales,NSW,2288,43
105031099,Coonabarabran,New South Wales,NSW,7921,50
105031100,Dubbo - East,New South Wales,NSW,10633,35
105031101,Dubbo - South,New South Wales,NSW,19628,35
105031102,Dubbo - West,New South Wales,NSW,10317,34
105031103,Dubbo Surrounds,New South Wales,NSW,5963,42
105031104,Gilgandra,New South Wales,NSW,4398,46
105031105,Narromine,New South Wales,NSW,6458,41
105031106,Wellington,New South Wales,NSW,8769,41
106011107,Branxton - Greta - Pokolbin,New South Wales,NSW,12770,36
106011108,Cessnock,New South Wales,NSW,23495,39
106011109,Cessnock Surrounds,New South Wales,NSW,9145,42
106011110,Dungog,New South Wales,NSW,9541,46
106011111,Kurri Kurri - Abermain,New South Wales,NSW,20631,35
106011112,Singleton,New South Wales,NSW,17018,34
106011113,Singleton Surrounds,New South Wales,NSW,5332,42
106021114,Maitland,New South Wales,NSW,8611,34
106021116,Maitland - North,New South Wales,NSW,8727,38
106021614,East Maitland - Metford,New South Wales,NSW,17981,39
106021615,Rutherford (North) - Aberglasslyn,New South Wales,NSW,17730,35
106021616,Rutherford (South) - Telarah,New South Wales,NSW,7976,34
106021617,Tenambit - East Maitland,New South Wales,NSW,10091,41
106021618,Thornton - Millers Forest,New South Wales,NSW,15899,33
106031119,Anna Bay,New South Wales,NSW,6449,52
106031120,Lemon Tree Passage - Tanilba Bay,New South Wales,NSW,6887,50
106031121,Nelson Bay Peninsula,New South Wales,NSW,21972,55
106031122,Raymond Terrace,New South Wales,NSW,14588,38
106031123,Seaham - Woodville,New South Wales,NSW,5693,42
106031124,Tea Gardens - Hawks Nest,New South Wales,NSW,5804,65
106031125,Williamtown - Medowie - Karuah,New South Wales,NSW,15020,40
106041126,Muswellbrook,New South Wales,NSW,12272,35
106041127,Muswellbrook Surrounds,New South Wales,NSW,4083,42
106041128,Scone,New South Wales,NSW,6035,39
106041129,Scone Surrounds,New South Wales,NSW,8194,44
107011131,Dapto - Avondale,New South Wales,NSW,24195,41
107011132,Horsley - Kembla Grange,New South Wales,NSW,12155,34
107011133,Port Kembla Industrial,New South Wales,NSW,5,58
107011134,Unanderra - Mount Kembla,New South Wales,NSW,15280,41
107011545,Berkeley - Lake Heights - Cringila,New South Wales,NSW,14200,39
107011546,Port Kembla - Warrawong,New South Wales,NSW,9740,42
107011547,Windang - Primbee,New South Wales,NSW,4239,51
107021135,Illawarra Catchment Reserve,New South Wales,NSW,9,38
107031136,Albion Park - Macquarie Pass,New South Wales,NSW,19026,34
107031137,Albion Park Rail,New South Wales,NSW,6920,41
107031138,Kiama,New South Wales,NSW,8786,51
107031139,Kiama Downs - Minnamurra,New South Wales,NSW,6063,44
107031140,Kiama Hinterland - Gerringong,New South Wales,NSW,8136,48
107031141,Shellharbour - Flinders,New South Wales,NSW,19341,39
107031142,Shellharbour - Oak Flats,New South Wales,NSW,10590,43
107031143,Warilla,New South Wales,NSW,20397,43
107041144,Balgownie - Fairy Meadow,New South Wales,NSW,21519,40
107041145,Corrimal - Tarrawanna - Bellambi,New South Wales,NSW,16041,41
107041146,Figtree - Keiraville,New South Wales,NSW,22773,36
107041147,Helensburgh,New South Wales,NSW,9135,39
107041148,Thirroul - Austinmer - Coalcliff,New South Wales,NSW,11957,43
107041150,Woonona - Bulli - Russell Vale,New South Wales,NSW,20761,41
107041548,Wollongong - East,New South Wales,NSW,16020,36
107041549,Wollongong - West,New South Wales,NSW,16551,34
108011151,Bulahdelah - Stroud,New South Wales,NSW,5235,51
108011152,Forster,New South Wales,NSW,14709,57
108011153,Forster-Tuncurry Surrounds,New South Wales,NSW,6988,53
108011154,Tuncurry,New South Wales,NSW,6376,62
108021155,Kempsey,New South Wales,NSW,15654,42
108021156,Kempsey Surrounds,New South Wales,NSW,9472,51
108021157,Macksville - Scotts Head,New South Wales,NSW,5189,50
108021158,Nambucca Heads,New South Wales,NSW,7111,56
108021159,Nambucca Heads Surrounds,New South Wales,NSW,8102,50
108021160,South West Rocks,New South Wales,NSW,5628,58
108031161,Lord Howe Island,New South Wales,NSW,445,46
108041162,Laurieton - Bonny Hills,New South Wales,NSW,18484,58
108041164,Port Macquarie - West,New South Wales,NSW,21147,47
108041165,Port Macquarie Surrounds,New South Wales,NSW,5301,50
108041166,Wauchope,New South Wales,NSW,12796,43
108041619,Port Macquarie - East,New South Wales,NSW,11764,46
108041620,Port Macquarie - South,New South Wales,NSW,17284,49
108051167,Gloucester,New South Wales,NSW,5310,55
108051168,Old Bar - Manning Point - Red Head,New South Wales,NSW,12476,53
108051169,Taree,New South Wales,NSW,21123,46
108051170,Taree Surrounds,New South Wales,NSW,13044,56
108051171,Wingham,New South Wales,NSW,5395,47
109011172,Albury - East,New South Wales,NSW,17831,36
109011173,Albury - North,New South Wales,NSW,10527,39
109011174,Albury - South,New South Wales,NSW,10519,45
109011175,Albury Surrounds,New South Wales,NSW,12507,44
109011176,Lavington,New South Wales,NSW,15665,40
109021177,Hay,New South Wales,NSW,2897,48
109021178,Wentworth - Buronga,New South Wales,NSW,6511,43
109021179,Wentworth-Balranald Region,New South Wales,NSW,3648,43
109031180,Corowa,New South Wales,NSW,5595,52
109031181,Corowa Surrounds,New South Wales,NSW,7262,50
109031182,Deniliquin,New South Wales,NSW,7038,47
109031183,Deniliquin Surrounds,New South Wales,NSW,6837,49
109031184,Moama,New South Wales,NSW,6930,49
109031185,Tocumwal - Finley - Jerilderie,New South Wales,NSW,9778,52
110011186,Armidale,New South Wales,NSW,23967,36
110011187,Armidale Surrounds - North,New South Wales,NSW,4527,44
110011188,Armidale Surrounds - South,New South Wales,NSW,5894,47
110011189,Walcha,New South Wales,NSW,3144,50
110021190,Glen Innes,New South Wales,NSW,8931,50
110021191,Inverell,New South Wales,NSW,12057,41
110021192,Inverell Surrounds - East,New South Wales,NSW,5200,47
110021193,Inverell Surrounds - West,New South Wales,NSW,5734,50
110021194,Tenterfield,New South Wales,NSW,6810,55
110031195,Moree,New South Wales,NSW,7845,38
110031196,Moree Surrounds,New South Wales,NSW,5356,39
110031197,Narrabri,New South Wales,NSW,6898,39
110031198,Narrabri Surrounds,New South Wales,NSW,4616,42
110041199,Gunnedah,New South Wales,NSW,9745,36
110041200,Gunnedah Surrounds,New South Wales,NSW,4369,41
110041201,Quirindi,New South Wales,NSW,7551,47
110041202,Tamworth - East,New South Wales,NSW,21360,38
110041203,Tamworth - North,New South Wales,NSW,16517,38
110041204,Tamworth - West,New South Wales,NSW,5998,30
110041205,Tamworth Surrounds,New South Wales,NSW,19038,45
111011206,Belmont - Bennetts Green,New South Wales,NSW,17864,44
111011207,Belmont South - Blacksmiths,New South Wales,NSW,5680,49
111011208,Charlestown - Dudley,New South Wales,NSW,25254,38
111011209,Glendale - Cardiff - Hillsborough,New South Wales,NSW,24588,38
111011210,Mount Hutton - Windale,New South Wales,NSW,9504,41
111011211,Redhead,New South Wales,NSW,3785,48
111011212,Swansea - Caves Beach,New South Wales,NSW,12559,49
111011213,Valentine - Eleebana,New South Wales,NSW,12568,45
111011214,Warners Bay - Boolaroo,New South Wales,NSW,14694,45
111021215,Bolton Point - Teralba,New South Wales,NSW,10135,42
111021216,Bonnells Bay - Silverwater,New South Wales,NSW,9691,43
111021217,Edgeworth - Cameron Park,New South Wales,NSW,16375,35
111021218,Morisset - Cooranbong,New South Wales,NSW,18129,46
111021219,Toronto - Awaba,New South Wales,NSW,13961,48
111021220,Wangi Wangi - Rathmines,New South Wales,NSW,9467,48
111021221,West Wallsend - Barnsley - Killingworth,New South Wales,NSW,7254,38
111031222,Adamstown - Kotara,New South Wales,NSW,16600,37
111031223,Beresfield - Hexham,New South Wales,NSW,8561,39
111031224,Hamilton - Broadmeadow,New South Wales,NSW,12772,40
111031225,Lambton - New Lambton,New South Wales,NSW,17343,40
111031226,Maryland - Fletcher - Minmi,New South Wales,NSW,16429,34
111031227,Mayfield - Warabrook,New South Wales,NSW,15526,37
111031228,Merewether - The Junction,New South Wales,NSW,14506,40
111031229,Newcastle - Cooks Hill,New South Wales,NSW,12805,38
111031230,Newcastle Port - Kooragang,New South Wales,NSW,31,42
111031231,Shortland - Jesmond,New South Wales,NSW,12593,28
111031232,Stockton - Fullerton Cove,New South Wales,NSW,8824,48
111031233,Wallsend - Elermore Vale,New South Wales,NSW,20958,40
111031234,Waratah - North Lambton,New South Wales,NSW,12883,36
111031235,Wickham - Carrington - Tighes Hill,New South Wales,NSW,9171,35
112011236,Ballina,New South Wales,NSW,18629,53
112011237,Ballina Surrounds,New South Wales,NSW,18327,46
112011238,Bangalow,New South Wales,NSW,6958,43
112011239,Brunswick Heads - Ocean Shores,New South Wales,NSW,9170,44
112011240,Byron Bay,New South Wales,NSW,10914,39
112011241,Evans Head,New South Wales,NSW,5643,49
112011242,Lennox Head - Skennars Head,New South Wales,NSW,9236,42
112011243,Mullumbimby,New South Wales,NSW,8896,46
112021244,Casino,New South Wales,NSW,12298,43
112021245,Casino Surrounds,New South Wales,NSW,7381,48
112021246,Goonellabah,New South Wales,NSW,13591,42
112021247,Kyogle,New South Wales,NSW,7611,51
112021248,Lismore,New South Wales,NSW,15229,42
112021249,Lismore Surrounds,New South Wales,NSW,15786,47
112031250,Kingscliff - Fingal Head,New South Wales,NSW,14818,47
112031251,Murwillumbah,New South Wales,NSW,9501,46
112031252,Murwillumbah Surrounds,New South Wales,NSW,10352,48
112031253,Pottsville,New South Wales,NSW,14086,43
112031254,Tweed Heads,New South Wales,NSW,20563,49
112031550,Banora Point,New South Wales,NSW,16320,48
112031551,Terranora - North Tumbulgum,New South Wales,NSW,3324,43
112031552,Tweed Heads South,New South Wales,NSW,8423,54
113011256,Griffith (NSW),New South Wales,NSW,20569,37
113011257,Griffith Surrounds,New South Wales,NSW,12760,40
113011258,Leeton,New South Wales,NSW,10330,37
113011259,Narrandera,New South Wales,NSW,5905,44
113021260,Tumbarumba,New South Wales,NSW,3522,47
113021261,Tumut,New South Wales,NSW,6667,42
113021262,Tumut Surrounds,New South Wales,NSW,4744,47
113031263,Cootamundra,New South Wales,NSW,7705,51
113031264,Gundagai,New South Wales,NSW,3715,44
113031265,Junee,New South Wales,NSW,6351,41
113031266,Temora,New South Wales,NSW,6603,48
113031267,Wagga Wagga - East,New South Wales,NSW,16921,38
113031268,Wagga Wagga - North,New South Wales,NSW,5605,30
113031269,Wagga Wagga - South,New South Wales,NSW,22522,35
113031270,Wagga Wagga - West,New South Wales,NSW,11962,36
113031271,Wagga Wagga Surrounds,New South Wales,NSW,17788,36
114011272,Berry - Kangaroo Valley,New South Wales,NSW,9489,56
114011273,Callala Bay - Currarong,New South Wales,NSW,3642,55
114011274,Culburra Beach,New South Wales,NSW,5105,55
114011275,Ettrema - Sassafras - Budawang,New South Wales,NSW,62,55
114011276,Huskisson - Vincentia,New South Wales,NSW,4844,52
114011277,North Nowra - Bomaderry,New South Wales,NSW,16098,44
114011278,Nowra,New South Wales,NSW,22584,37
114011279,St Georges Basin - Erowal Bay,New South Wales,NSW,15259,50
114011280,Sussex Inlet - Berrara,New South Wales,NSW,4694,61
114011281,Tomerong - Wandandian - Woollamia,New South Wales,NSW,3708,47
114011282,Ulladulla,New South Wales,NSW,17026,52
114011283,Ulladulla Surrounds,New South Wales,NSW,5822,56
114021284,Bowral,New South Wales,NSW,13626,56
114021285,Hill Top - Colo Vale,New South Wales,NSW,6393,37
114021286,Mittagong,New South Wales,NSW,10931,44
114021287,Moss Vale - Berrima,New South Wales,NSW,10648,45
114021288,Robertson - Fitzroy Falls,New South Wales,NSW,3829,50
114021289,Southern Highlands,New South Wales,NSW,7250,53
115011290,Baulkham Hills - East,New South Wales,NSW,24726,39
115011291,Baulkham Hills (West) - Bella Vista,New South Wales,NSW,21683,40
115011294,Glenhaven,New South Wales,NSW,6361,48
115011296,West Pennant Hills,New South Wales,NSW,12683,44
115011553,Castle Hill - Central,New South Wales,NSW,7677,40
115011554,Castle Hill - East,New South Wales,NSW,5670,53
115011555,Castle Hill - North,New South Wales,NSW,12189,43
115011556,Castle Hill - South,New South Wales,NSW,10419,40
115011557,Castle Hill - West,New South Wales,NSW,5183,41
115011558,Cherrybrook,New South Wales,NSW,19082,43
115011621,Kellyville - East,New South Wales,NSW,17709,38
115011622,Kellyville - West,New South Wales,NSW,11375,37
115021297,Dural - Kenthurst - Wisemans Ferry,New South Wales,NSW,22479,44
115021298,Galston - Laughtondale,New South Wales,NSW,5436,47
115031299,Bilpin - Colo - St Albans,New South Wales,NSW,2846,48
115031300,Kurrajong Heights - Ebenezer,New South Wales,NSW,22161,40
115041301,Pitt Town - McGraths Hill,New South Wales,NSW,11414,39
115041623,Box Hill - Nelson,New South Wales,NSW,10287,32
115041624,North Kellyville,New South Wales,NSW,17401,33
115041625,Rouse Hill - Beaumont Hills,New South Wales,NSW,17581,37
116011303,Blacktown (East) - Kings Park,New South Wales,NSW,17032,34
116011304,Blacktown (North) - Marayong,New South Wales,NSW,20584,34
116011306,Doonside - Woodcroft,New South Wales,NSW,23384,36
116011307,Lalor Park - Kings Langley,New South Wales,NSW,25373,38
116011560,Blacktown - South,New South Wales,NSW,12646,36
116011561,Blacktown - West,New South Wales,NSW,17141,35
116011626,Seven Hills - Prospect,New South Wales,NSW,14866,37
116011627,Toongabbie - West,New South Wales,NSW,11578,35
116021309,Glenwood,New South Wales,NSW,15829,37
116021562,Acacia Gardens,New South Wales,NSW,3668,36
116021563,Quakers Hill,New South Wales,NSW,24670,34
116021628,Kellyville Ridge - The Ponds,New South Wales,NSW,21058,35
116021629,Marsden Park - Shanes Park,New South Wales,NSW,15524,32
116021630,Riverstone,New South Wales,NSW,13844,32
116021631,Schofields (West) - Colebee,New South Wales,NSW,10011,33
116021632,Schofields - East,New South Wales,NSW,25130,31
116021633,Stanhope Gardens - Parklea,New South Wales,NSW,13034,36
116031313,Bidwill - Hebersham - Emerton,New South Wales,NSW,18536,32
116031314,Glendenning - Dean Park,New South Wales,NSW,8374,34
116031315,Hassall Grove - Plumpton,New South Wales,NSW,21414,34
116031316,Lethbridge Park - Tregear,New South Wales,NSW,21551,31
116031317,Mount Druitt - Whalan,New South Wales,NSW,22918,33
116031318,Prospect Reservoir,New South Wales,NSW,12,40
116031319,Rooty Hill - Minchinbury,New South Wales,NSW,22826,36
117011320,Banksmeadow,New South Wales,NSW,508,33
117011321,Botany,New South Wales,NSW,12960,36
117011323,Pagewood - Hillsdale - Daceyville,New South Wales,NSW,14762,35
117011324,Port Botany Industrial,New South Wales,NSW,6,61
117011325,Sydney Airport,New South Wales,NSW,19,35
117011634,Eastlakes,New South Wales,NSW,8941,41
117011635,Mascot,New South Wales,NSW,21573,30
117021327,Petersham - Stanmore,New South Wales,NSW,19898,36
117021328,Sydenham - Tempe - St Peters,New South Wales,NSW,8278,36
117021636,Marrickville - North,New South Wales,NSW,12317,37
117021637,Marrickville - South,New South Wales,NSW,14283,37
117031329,Darlinghurst,New South Wales,NSW,10615,37
117031330,Erskineville - Alexandria,New South Wales,NSW,19126,34
117031331,Glebe - Forest Lodge,New South Wales,NSW,20262,36
117031333,Potts Point - Woolloomooloo,New South Wales,NSW,18187,39
117031336,Surry Hills,New South Wales,NSW,15828,35
117031638,Camperdown - Darlington,New South Wales,NSW,8332,29
117031639,Chippendale,New South Wales,NSW,7803,28
117031640,Newtown (NSW),New South Wales,NSW,14667,34
117031641,Pyrmont,New South Wales,NSW,12658,37
117031642,Redfern,New South Wales,NSW,13670,36
117031643,Rosebery - Beaconsfield,New South Wales,NSW,12290,32
117031644,Sydney (North) - Millers Point,New South Wales,NSW,8004,37
117031645,Sydney (South) - Haymarket,New South Wales,NSW,19935,31
117031646,Ultimo,New South Wales,NSW,7410,30
117031647,Waterloo,New South Wales,NSW,16379,33
117031648,Zetland,New South Wales,NSW,12622,30
118011339,Bondi - Tamarama - Bronte,New South Wales,NSW,19055,35
118011340,Bondi Beach - North Bondi,New South Wales,NSW,20705,34
118011341,Bondi Junction - Waverly,New South Wales,NSW,17720,36
118011342,Centennial Park,New South Wales,NSW,0,0
118011344,Dover Heights,New South Wales,NSW,11122,39
118011345,Paddington - Moore Park,New South Wales,NSW,14793,37
118011346,Rose Bay - Vaucluse - Watsons Bay,New South Wales,NSW,11924,44
118011347,Woollahra,New South Wales,NSW,7454,42
118011649,Bellevue Hill,New South Wales,NSW,14429,40
118011650,Double Bay - Darling Point,New South Wales,NSW,9958,42
118021564,Kensington (NSW),New South Wales,NSW,11809,32
118021565,Kingsford,New South Wales,NSW,13605,33
118021566,Maroubra - North,New South Wales,NSW,9790,41
118021567,Maroubra - South,New South Wales,NSW,11084,40
118021568,Maroubra - West,New South Wales,NSW,9846,37
118021569,Randwick - North,New South Wales,NSW,16206,37
118021570,Randwick - South,New South Wales,NSW,12735,35
118021651,Coogee - Clovelly,New South Wales,NSW,19521,35
118021652,Malabar - La Perouse,New South Wales,NSW,10610,44
118021653,Matraville - Chifley,New South Wales,NSW,13412,42
118021654,South Coogee,New South Wales,NSW,5611,42
119011354,Bass Hill - Georges Hall,New South Wales,NSW,23855,35
119011355,Chullora,New South Wales,NSW,1469,31
119011356,Condell Park,New South Wales,NSW,12773,34
119011358,Padstow,New South Wales,NSW,17200,41
119011360,Revesby,New South Wales,NSW,17664,38
119011361,Yagoona - Birrong,New South Wales,NSW,22484,35
119011571,Bankstown - North,New South Wales,NSW,16981,33
119011572,Bankstown - South,New South Wales,NSW,18434,34
119011655,Greenacre - North,New South Wales,NSW,14637,34
119011656,Greenacre - South,New South Wales,NSW,13416,33
119011657,Panania (North) - Milperra,New South Wales,NSW,11340,38
119011658,Panania (South) - Picnic Point,New South Wales,NSW,15994,39
119021362,Belmore - Belfield,New South Wales,NSW,20332,39
119021366,Punchbowl,New South Wales,NSW,21544,33
119021367,Roselands,New South Wales,NSW,14577,38
119021573,Lakemba,New South Wales,NSW,17092,32
119021574,Wiley Park,New South Wales,NSW,10135,31
119021659,Campsie - North,New South Wales,NSW,11905,38
119021660,Campsie - South,New South Wales,NSW,9059,36
119021661,Canterbury - South,New South Wales,NSW,12220,35
119021662,Earlwood,New South Wales,NSW,17969,44
119021663,Kingsgrove - North,New South Wales,NSW,6261,41
119031370,Narwee - Beverly Hills,New South Wales,NSW,13791,40
119031371,Oatley - Hurstville Grove,New South Wales,NSW,12594,43
119031372,Peakhurst - Lugarno,New South Wales,NSW,20220,42
119031373,Riverwood,New South Wales,NSW,11606,40
119031374,South Hurstville - Blakehurst,New South Wales,NSW,25259,38
119031664,Hurstville - Central,New South Wales,NSW,12046,32
119031665,Hurstville - North,New South Wales,NSW,12109,40
119031666,Mortdale - Oatley,New South Wales,NSW,14715,39
119031667,Penshurst,New South Wales,NSW,9528,37
119041377,Kingsgrove (South) - Bardwell Park,New South Wales,NSW,12973,42
119041378,Kogarah,New South Wales,NSW,13051,35
119041379,Kogarah Bay - Carlton - Allawah,New South Wales,NSW,16200,38
119041380,Monterey - Brighton-le-Sands - Kyeemagh,New South Wales,NSW,13896,44
119041381,Rockdale - Banksia,New South Wales,NSW,19853,35
119041382,Sans Souci - Ramsgate,New South Wales,NSW,16659,45
119041668,Arncliffe - Bardwell Valley,New South Wales,NSW,16579,34
119041669,Bexley - North,New South Wales,NSW,10145,39
119041670,Bexley - South,New South Wales,NSW,15831,38
119041671,Wolli Creek,New South Wales,NSW,10731,30
120011383,Concord - Mortlake - Cabarita,New South Wales,NSW,23113,43
120011385,Drummoyne - Rodd Point,New South Wales,NSW,18366,42
120011386,Five Dock - Abbotsford,New South Wales,NSW,20933,42
120011672,Concord West - North Strathfield,New South Wales,NSW,12842,37
120011673,Rhodes,New South Wales,NSW,11453,32
120021387,Balmain,New South Wales,NSW,15579,43
120021389,Lilyfield - Rozelle,New South Wales,NSW,13824,40
120021674,Annandale (NSW),New South Wales,NSW,9464,38
120021675,Leichhardt,New South Wales,NSW,17532,38
120031392,Canterbury (North) - Ashbury,New South Wales,NSW,11999,37
120031393,Croydon Park - Enfield,New South Wales,NSW,17434,41
120031394,Dulwich Hill - Lewisham,New South Wales,NSW,17948,37
120031395,Haberfield - Summer Hill,New South Wales,NSW,13520,40
120031396,Homebush,New South Wales,NSW,20822,31
120031576,Strathfield South,New South Wales,NSW,3636,38
120031676,Ashfield - North,New South Wales,NSW,11456,35
120031677,Ashfield - South,New South Wales,NSW,12246,38
120031678,Burwood (NSW),New South Wales,NSW,15942,31
120031679,Croydon,New South Wales,NSW,10993,41
120031680,Strathfield - East,New South Wales,NSW,16420,30
120031681,Strathfield - West,New South Wales,NSW,9253,41
121011399,Chatswood (West) - Lane Cove North,New South Wales,NSW,21294,37
121011401,St Leonards - Naremburn,New South Wales,NSW,11903,36
121011682,Artarmon,New South Wales,NSW,9406,37
121011683,Castle Cove - Northbridge,New South Wales,NSW,13440,45
121011684,Chatswood - East,New South Wales,NSW,19601,37
121011685,Greenwich - Riverview,New South Wales,NSW,12928,41
121011686,Lane Cove,New South Wales,NSW,15888,38
121011687,Willoughby,New South Wales,NSW,12996,41
121021403,Asquith - Mount Colah,New South Wales,NSW,22057,39
121021404,Berowra - Brooklyn - Cowan,New South Wales,NSW,11790,42
121021406,Normanhurst - Thornleigh - Westleigh,New South Wales,NSW,19158,41
121021577,Hornsby - East,New South Wales,NSW,11943,36
121021578,Hornsby - West,New South Wales,NSW,10629,41
121021579,Wahroonga (West) - Waitara,New South Wales,NSW,11877,38
121031407,Gordon - Killara,New South Wales,NSW,22433,41
121031408,Lindfield - Roseville,New South Wales,NSW,24599,41
121031409,Pymble,New South Wales,NSW,17221,41
121031410,St Ives,New South Wales,NSW,21665,43
121031411,Turramurra,New South Wales,NSW,20251,45
121031412,Wahroonga (East) - Warrawee,New South Wales,NSW,18191,43
121041413,Cremorne - Cammeray,New South Wales,NSW,18905,41
121041414,Crows Nest - Waverton,New South Wales,NSW,17916,38
121041416,Neutral Bay - Kirribilli,New South Wales,NSW,17183,40
121041417,North Sydney - Lavender Bay,New South Wales,NSW,12441,38
121041688,Mosman - North,New South Wales,NSW,13763,45
121041689,Mosman - South,New South Wales,NSW,14565,44
122011418,Balgowlah - Clontarf - Seaforth,New South Wales,NSW,20732,42
122011419,Manly - Fairlight,New South Wales,NSW,22438,38
122021420,Avalon - Palm Beach,New South Wales,NSW,13052,48
122021421,Bayview - Elanora Heights,New South Wales,NSW,11243,49
122021422,Newport - Bilgola,New South Wales,NSW,13681,46
122021690,Mona Vale - Warriewood (North),New South Wales,NSW,14634,45
122021691,North Narrabeen - Warriewood (South),New South Wales,NSW,10874,40
122031424,Beacon Hill - Narraweena,New South Wales,NSW,14547,42
122031425,Cromer,New South Wales,NSW,8046,42
122031427,Forestville - Killarney Heights,New South Wales,NSW,13161,43
122031429,Freshwater - Brookvale,New South Wales,NSW,21828,37
122031430,Manly Vale - Allambie Heights,New South Wales,NSW,17550,40
122031432,Terrey Hills - Duffys Forest,New South Wales,NSW,3786,47
122031692,Belrose,New South Wales,NSW,8652,46
122031693,Collaroy - Collaroy Plateau,New South Wales,NSW,13980,41
122031694,Dee Why (South) - North Curl Curl,New South Wales,NSW,9116,38
122031695,Dee Why - North,New South Wales,NSW,17816,36
122031696,Frenchs Forest - Oxford Falls,New South Wales,NSW,17175,41
122031697,Narrabeen - Wheeler Heights,New South Wales,NSW,11241,46
123011433,Camden - Ellis Lane,New South Wales,NSW,13295,42
123011698,Currans Hill,New South Wales,NSW,6445,31
123011699,Elderslie - Narellan,New South Wales,NSW,14019,34
123011700,Harrington Park,New South Wales,NSW,11241,36
123011701,Mount Annan,New South Wales,NSW,19040,35
123011702,Spring Farm,New South Wales,NSW,9539,30
123021436,Bradbury - Wedderburn,New South Wales,NSW,20011,33
123021437,Campbelltown - Woodbine,New South Wales,NSW,22084,35
123021438,Claymore - Eagle Vale - Raby,New South Wales,NSW,20236,35
123021439,Holsworthy Military Area,New South Wales,NSW,5,33
123021441,Leumeah - Minto Heights,New South Wales,NSW,16729,37
123021443,Minto - St Andrews,New South Wales,NSW,21335,35
123021444,Rosemeadow - Glen Alpine,New South Wales,NSW,21155,37
123021703,Denham Court - Bardia,New South Wales,NSW,14868,32
123021704,Glenfield,New South Wales,NSW,10536,36
123021705,Ingleburn,New South Wales,NSW,16720,37
123021706,Macquarie Fields,New South Wales,NSW,14198,36
123031445,Bargo,New South Wales,NSW,5934,40
123031446,Douglas Park - Appin,New South Wales,NSW,11112,36
123031447,Picton - Tahmoor - Buxton,New South Wales,NSW,18987,37
123031448,The Oaks - Oakdale,New South Wales,NSW,9808,38
124011449,Blackheath - Megalong Valley,New South Wales,NSW,5764,52
124011450,Blaxland - Warrimoo - Lapstone,New South Wales,NSW,18993,41
124011451,Blue Mountains - North,New South Wales,NSW,7,61
124011452,Katoomba - Leura,New South Wales,NSW,13348,50
124011453,Lawson - Hazelbrook - Linden,New South Wales,NSW,11445,43
124011454,Springwood - Winmalee,New South Wales,NSW,21964,43
124011455,Wentworth Falls,New South Wales,NSW,6428,50
124021456,Blue Mountains - South,New South Wales,NSW,8,70
124031457,Cambridge Park,New South Wales,NSW,16004,35
124031459,Emu Plains - Leonay,New South Wales,NSW,13914,40
124031460,Glenmore Park - Regentville,New South Wales,NSW,21002,35
124031461,Jamisontown - South Penrith,New South Wales,NSW,17326,37
124031462,Kingswood - Werrington,New South Wales,NSW,24625,33
124031463,Mulgoa - Luddenham - Orchard Hills,New South Wales,NSW,12040,35
124031464,Penrith,New South Wales,NSW,17966,36
124031465,Warragamba - Silverdale,New South Wales,NSW,6025,35
124031707,Cranebrook - Castlereagh,New South Wales,NSW,17029,34
124031708,Jordan Springs - Llandilo,New South Wales,NSW,13388,31
124041466,Richmond - Clarendon,New South Wales,NSW,15239,39
124041467,Windsor - Bligh Park,New South Wales,NSW,15264,35
124041468,Yarramundi - Londonderry,New South Wales,NSW,7504,38
124051469,Erskine Park,New South Wales,NSW,6486,37
124051470,St Clair,New South Wales,NSW,19942,36
124051580,Colyton - Oxley Park,New South Wales,NSW,13028,34
124051581,St Marys - North St Marys,New South Wales,NSW,17325,35
125011475,Rookwood Cemetery,New South Wales,NSW,3,51
125011582,Auburn - Central,New South Wales,NSW,19487,31
125011583,Auburn - North,New South Wales,NSW,10592,30
125011584,Auburn - South,New South Wales,NSW,8860,33
125011585,Berala,New South Wales,NSW,8610,37
125011586,Lidcombe,New South Wales,NSW,21197,35
125011587,Regents Park,New South Wales,NSW,5138,36
125011709,Silverwater - Newington,New South Wales,NSW,9246,37
125011710,Wentworth Point - Sydney Olympic Park,New South Wales,NSW,20412,32
125021477,Ermington - Rydalmere,New South Wales,NSW,24641,37
125021478,Oatlands - Dundas Valley,New South Wales,NSW,18508,40
125021711,Carlingford - East,New South Wales,NSW,11622,41
125021712,Carlingford - West,New South Wales,NSW,19251,38
125031479,Chester Hill - Sefton,New South Wales,NSW,20842,34
125031480,Fairfield - East,New South Wales,NSW,15742,37
125031481,Granville - Clyde,New South Wales,NSW,23250,31
125031483,Guildford - South Granville,New South Wales,NSW,22386,31
125031484,Guildford West - Merrylands West,New South Wales,NSW,22929,33
125031486,Smithfield Industrial,New South Wales,NSW,10,43
125031487,Yennora Industrial,New South Wales,NSW,12,51
125031713,Greystanes - South,New South Wales,NSW,16645,39
125031714,Merrylands - Holroyd,New South Wales,NSW,23806,33
125031715,Pemulwuy - Greystanes (North),New South Wales,NSW,10893,38
125031716,South Wentworthville,New South Wales,NSW,7305,35
125041489,North Parramatta,New South Wales,NSW,22878,35
125041490,North Rocks,New South Wales,NSW,8451,41
125041491,Northmead,New South Wales,NSW,20275,34
125041493,Toongabbie - Constitution Hill,New South Wales,NSW,22853,38
125041494,Winston Hills,New South Wales,NSW,11199,40
125041588,Pendle Hill - Girraween,New South Wales,NSW,13939,36
125041589,Wentworthville - Westmead,New South Wales,NSW,21568,33
125041717,Parramatta - North,New South Wales,NSW,12062,31
125041718,Parramatta - South,New South Wales,NSW,9867,32
125041719,Rosehill - Harris Park,New South Wales,NSW,9034,32
126011496,Pennant Hills - Cheltenham,New South Wales,NSW,21737,43
126011720,Epping (East) - North Epping,New South Wales,NSW,14404,36
126011721,Epping (NSW) - West,New South Wales,NSW,18690,37
126021498,Gladesville - Huntleys Point,New South Wales,NSW,15456,40
126021499,Hunters Hill - Woolwich,New South Wales,NSW,9844,46
126021500,Macquarie Park - Marsfield,New South Wales,NSW,23818,34
126021501,North Ryde - East Ryde,New South Wales,NSW,15622,38
126021503,West Ryde - Meadowbank,New South Wales,NSW,20102,36
126021590,Putney,New South Wales,NSW,4163,43
126021722,Denistone,New South Wales,NSW,6969,42
126021723,Eastwood,New South Wales,NSW,18974,39
126021724,Ryde - North,New South Wales,NSW,20291,39
126021725,Ryde - South,New South Wales,NSW,11972,33
127011504,Ashcroft - Busby - Miller,New South Wales,NSW,17962,33
127011505,Austral - Greendale,New South Wales,NSW,12533,34
127011592,Badgerys Creek,New South Wales,NSW,25,46
127011593,Cecil Hills,New South Wales,NSW,6906,38
127011594,Green Valley,New South Wales,NSW,12919,37
127011595,Hinchinbrook,New South Wales,NSW,13038,35
127011596,Hoxton Park - Carnes Hill - Horningsea Park,New South Wales,NSW,13263,33
127011597,West Hoxton - Middleton Grange,New South Wales,NSW,17194,33
127011726,Cobbitty - Bringelly,New South Wales,NSW,4761,35
127011727,Gledswood Hills - Gregory Hills,New South Wales,NSW,14299,30
127011728,Leppington - Catherine Field,New South Wales,NSW,12559,33
127011729,Oran Park,New South Wales,NSW,17624,30
127021509,Bonnyrigg Heights - Bonnyrigg,New South Wales,NSW,17154,38
127021510,Bossley Park - Abbotsbury,New South Wales,NSW,19690,41
127021511,Cabramatta - Lansvale,New South Wales,NSW,24101,40
127021512,Cabramatta West - Mount Pritchard,New South Wales,NSW,18249,37
127021513,Canley Vale - Canley Heights,New South Wales,NSW,22261,38
127021514,Edensor Park,New South Wales,NSW,10279,39
127021515,Fairfield,New South Wales,NSW,18248,40
127021516,Fairfield - West,New South Wales,NSW,21249,37
127021517,Greenfield Park - Prairiewood,New South Wales,NSW,8855,40
127021518,Horsley Park - Kemps Creek,New South Wales,NSW,4344,44
127021519,Smithfield - Wetherill Park,New South Wales,NSW,19510,39
127021520,St Johns Park - Wakeley,New South Wales,NSW,11197,42
127021521,Wetherill Park Industrial,New South Wales,NSW,37,56
127031522,Casula,New South Wales,NSW,16584,36
127031523,Chipping Norton - Moorebank,New South Wales,NSW,20813,37
127031524,Holsworthy - Wattle Grove,New South Wales,NSW,21129,35
127031599,Lurnea - Cartwright,New South Wales,NSW,12670,33
127031601,Warwick Farm,New South Wales,NSW,5937,35
127031730,Edmondson Park,New South Wales,NSW,12080,31
127031731,Liverpool - East,New South Wales,NSW,17536,32
127031732,Liverpool - West,New South Wales,NSW,13737,36
127031733,Prestons,New South Wales,NSW,15692,34
128011529,Gymea - Grays Point,New South Wales,NSW,18156,41
128011530,Miranda - Yowie Bay,New South Wales,NSW,20705,40
128011531,Sylvania - Taren Point,New South Wales,NSW,16430,46
128011602,Caringbah,New South Wales,NSW,12858,37
128011603,Caringbah South,New South Wales,NSW,13015,42
128011604,Cronulla - Kurnell - Bundeena,New South Wales,NSW,24374,42
128011605,Lilli Pilli - Port Hacking - Dolans Bay,New South Wales,NSW,3369,42
128011606,Woolooware - Burraneer,New South Wales,NSW,8947,40
128021533,Heathcote - Waterfall,New South Wales,NSW,6673,42
128021534,Illawong - Alfords Point,New South Wales,NSW,10554,43
128021535,Menai - Lucas Heights - Woronora,New South Wales,NSW,20927,40
128021536,Oyster Bay - Como - Jannali,New South Wales,NSW,22063,40
128021537,Royal National Park,New South Wales,NSW,42,22
128021538,Sutherland - Kirrawee,New South Wales,NSW,23238,38
128021607,Engadine,New South Wales,NSW,17356,39
128021608,Loftus - Yarrawarrah,New South Wales,NSW,7348,40
128021609,Woronora Heights,New South Wales,NSW,3539,44
201011001,Alfredton,Victoria,VIC,16835,34
201011002,Ballarat,Victoria,VIC,12131,45
201011005,Buninyong,Victoria,VIC,7261,42
201011006,Delacombe,Victoria,VIC,10661,33
201011007,Smythes Creek,Victoria,VIC,4230,41
201011008,Wendouree - Miners Rest,Victoria,VIC,15333,38
201011481,Ballarat East - Warrenheip,Victoria,VIC,9691,41
201011482,Ballarat North - Invermay,Victoria,VIC,14750,41
201011483,Canadian - Mount Clear,Victoria,VIC,12225,37
201011484,Sebastopol - Redan,Victoria,VIC,13086,39
201021009,Bacchus Marsh Surrounds,Victoria,VIC,6559,43
201021010,Creswick - Clunes,Victoria,VIC,8085,49
201021011,Daylesford,Victoria,VIC,9955,53
201021012,Gordon (Vic.),Victoria,VIC,6372,44
201031013,Avoca,Victoria,VIC,3532,53
201031014,Beaufort,Victoria,VIC,4644,49
201031015,Golden Plains - North,Victoria,VIC,4894,43
201031016,Maryborough (Vic.),Victoria,VIC,8160,51
201031017,Maryborough Surrounds,Victoria,VIC,5526,53
202011018,Bendigo,Victoria,VIC,14929,39
202011019,California Gully - Eaglehawk,Victoria,VIC,12949,38
202011020,East Bendigo - Kennington,Victoria,VIC,13988,44
202011021,Flora Hill - Spring Gully,Victoria,VIC,9437,38
202011022,Kangaroo Flat - Golden Square,Victoria,VIC,21043,42
202011023,Maiden Gully,Victoria,VIC,5518,37
202011024,Strathfieldsaye,Victoria,VIC,10719,39
202011025,White Hills - Ascot,Victoria,VIC,14446,34
202021026,Bendigo Surrounds - South,Victoria,VIC,8344,41
202021027,Castlemaine,Victoria,VIC,11352,50
202021028,Castlemaine Surrounds,Victoria,VIC,9225,52
202021029,Heathcote,Victoria,VIC,5062,53
202021030,Kyneton,Victoria,VIC,10562,46
202021031,Woodend,Victoria,VIC,7949,46
202031032,Bendigo Surrounds - North,Victoria,VIC,4934,46
202031033,Loddon,Victoria,VIC,7289,52
203011034,Bannockburn,Victoria,VIC,7754,36
203011035,Golden Plains - South,Victoria,VIC,8111,40
203011036,Winchelsea,Victoria,VIC,6614,43
203021037,Belmont,Victoria,VIC,15017,37
203021039,Geelong,Victoria,VIC,13504,40
203021040,Geelong West - Hamlyn Heights,Victoria,VIC,21200,37
203021042,Highton,Victoria,VIC,24034,38
203021043,Lara,Victoria,VIC,20817,37
203021044,Leopold,Victoria,VIC,13272,41
203021045,Newcomb - Moolap,Victoria,VIC,15462,45
203021046,Newtown (Vic.),Victoria,VIC,10445,40
203021047,North Geelong - Bell Park,Victoria,VIC,15795,42
203021485,Charlemont,Victoria,VIC,10300,31
203021486,Corio - Lovely Banks,Victoria,VIC,18325,36
203021487,Grovedale - Mount Duneed,Victoria,VIC,24763,36
203021488,Norlane,Victoria,VIC,9051,38
203031048,Clifton Springs,Victoria,VIC,16797,45
203031049,Lorne - Anglesea,Victoria,VIC,6234,55
203031051,Portarlington,Victoria,VIC,9536,59
203031052,Point Lonsdale - Queenscliff,Victoria,VIC,5519,61
203031053,Torquay,Victoria,VIC,24607,40
203031489,Barwon Heads - Armstrong Creek,Victoria,VIC,11333,35
203031490,Ocean Grove,Victoria,VIC,19394,44
204011054,Alexandra,Victoria,VIC,6828,54
204011055,Euroa,Victoria,VIC,6922,55
204011056,Kilmore - Broadford,Victoria,VIC,15563,40
204011057,Mansfield (Vic.),Victoria,VIC,10517,48
204011058,Nagambie,Victoria,VIC,4537,51
204011059,Seymour,Victoria,VIC,6569,45
204011060,Seymour Surrounds,Victoria,VIC,4645,39
204011061,Upper Yarra Valley,Victoria,VIC,238,43
204011062,Yea,Victoria,VIC,4182,53
204021063,Benalla,Victoria,VIC,10822,51
204021064,Benalla Surrounds,Victoria,VIC,3781,52
204021065,Rutherglen,Victoria,VIC,4047,49
204021066,Wangaratta,Victoria,VIC,19882,44
204021067,Wangaratta Surrounds,Victoria,VIC,9925,48
204031068,Beechworth,Victoria,VIC,4986,49
204031069,Bright - Mount Beauty,Victoria,VIC,8903,47
204031070,Chiltern - Indigo Valley,Victoria,VIC,3184,47
204031071,Myrtleford,Victoria,VIC,4745,50
204031072,Towong,Victoria,VIC,6196,52
204031073,West Wodonga,Victoria,VIC,15396,39
204031075,Yackandandah,Victoria,VIC,5221,45
204031491,Baranduda - Leneva,Victoria,VIC,12778,33
204031492,Wodonga,Victoria,VIC,15082,41
205011076,Drouin,Victoria,VIC,19773,39
205011077,Mount Baw Baw Region,Victoria,VIC,6585,48
205011078,Trafalgar (Vic.),Victoria,VIC,8368,43
205011079,Warragul,Victoria,VIC,23051,41
205021080,Alps - East,Victoria,VIC,0,0
205021081,Bairnsdale,Victoria,VIC,15684,45
205021082,Bruthen - Omeo,Victoria,VIC,8290,48
205021083,Lake King,Victoria,VIC,0,0
205021084,Lakes Entrance,Victoria,VIC,11164,55
205021085,Orbost,Victoria,VIC,6727,55
205021086,Paynesville,Victoria,VIC,6977,61
205031087,Foster,Victoria,VIC,9446,54
205031088,French Island,Victoria,VIC,139,52
205031089,Korumburra,Victoria,VIC,9842,46
205031090,Leongatha,Victoria,VIC,11502,47
205031091,Phillip Island,Victoria,VIC,13799,52
205031092,Wilsons Promontory,Victoria,VIC,16,31
205031093,Wonthaggi - Inverloch,Victoria,VIC,26792,51
205041094,Churchill,Victoria,VIC,11912,42
205041095,Moe - Newborough,Victoria,VIC,17291,45
205041096,Morwell,Victoria,VIC,14432,43
205041098,Yallourn North - Glengarry,Victoria,VIC,4707,41
205041493,Traralgon - East,Victoria,VIC,12000,41
205041494,Traralgon - West,Victoria,VIC,16822,39
205051099,Alps - West,Victoria,VIC,23,65
205051100,Longford - Loch Sport,Victoria,VIC,4915,52
205051101,Maffra,Victoria,VIC,14756,43
205051102,Rosedale,Victoria,VIC,4928,39
205051103,Sale,Victoria,VIC,15301,42
205051104,Yarram,Victoria,VIC,5605,53
206011106,Brunswick East,Victoria,VIC,12738,33
206011107,Brunswick West,Victoria,VIC,14318,35
206011109,Pascoe Vale South,Victoria,VIC,10390,39
206011495,Brunswick - North,Victoria,VIC,12890,34
206011496,Brunswick - South,Victoria,VIC,12983,34
206011497,Coburg - East,Victoria,VIC,12535,37
206011498,Coburg - West,Victoria,VIC,14031,37
206021110,Alphington - Fairfield,Victoria,VIC,8994,38
206021112,Thornbury,Victoria,VIC,18919,37
206021499,Northcote - East,Victoria,VIC,15068,38
206021500,Northcote - West,Victoria,VIC,10299,36
206031113,Ascot Vale,Victoria,VIC,15191,37
206031115,Flemington,Victoria,VIC,9065,34
206031116,Moonee Ponds,Victoria,VIC,16224,38
206031501,Essendon (West) - Aberfeldie,Victoria,VIC,16042,40
206031502,Essendon - East,Victoria,VIC,12191,37
206041117,Carlton,Victoria,VIC,16655,27
206041118,Docklands,Victoria,VIC,15493,32
206041119,East Melbourne,Victoria,VIC,4896,42
206041120,Flemington Racecourse,Victoria,VIC,77,32
206041121,Kensington (Vic.),Victoria,VIC,10745,35
206041124,Parkville,Victoria,VIC,7297,26
206041125,South Yarra - West,Victoria,VIC,6423,39
206041127,West Melbourne - Industrial,Victoria,VIC,0,0
206041503,Melbourne CBD - East,Victoria,VIC,9848,30
206041504,Melbourne CBD - North,Victoria,VIC,16870,26
206041505,Melbourne CBD - West,Victoria,VIC,15648,29
206041506,North Melbourne,Victoria,VIC,15637,31
206041507,Royal Botanic Gardens Victoria,Victoria,VIC,0,70
206041508,Southbank (West) - South Wharf,Victoria,VIC,6463,33
206041509,Southbank - East,Victoria,VIC,16101,31
206041510,West Melbourne - Residential,Victoria,VIC,7446,31
206051128,Albert Park,Victoria,VIC,15825,41
206051129,Elwood,Victoria,VIC,14818,38
206051130,Port Melbourne,Victoria,VIC,16192,43
206051134,St Kilda East,Victoria,VIC,15813,34
206051511,Port Melbourne Industrial,Victoria,VIC,1907,32
206051512,South Melbourne,Victoria,VIC,11693,39
206051513,St Kilda - Central,Victoria,VIC,11857,35
206051514,St Kilda - West,Victoria,VIC,13858,38
206061135,Armadale,Victoria,VIC,9336,38
206061136,Prahran - Windsor,Victoria,VIC,19119,34
206061138,Toorak,Victoria,VIC,12953,47
206061515,South Yarra - North,Victoria,VIC,11192,32
206061516,South Yarra - South,Victoria,VIC,9939,35
206071139,Abbotsford,Victoria,VIC,9088,33
206071140,Carlton North - Princes Hill,Victoria,VIC,8186,34
206071141,Collingwood,Victoria,VIC,9179,33
206071142,Fitzroy,Victoria,VIC,10431,35
206071143,Fitzroy North,Victoria,VIC,12781,36
206071145,Clifton Hill - Alphington,Victoria,VIC,9855,37
206071517,Richmond (South) - Cremorne,Victoria,VIC,17671,33
206071518,Richmond - North,Victoria,VIC,13867,34
207011146,Ashburton (Vic.),Victoria,VIC,7952,41
207011147,Balwyn,Victoria,VIC,16163,43
207011148,Balwyn North,Victoria,VIC,21123,42
207011149,Camberwell,Victoria,VIC,21232,43
207011150,Glen Iris - East,Victoria,VIC,16829,41
207011152,Hawthorn East,Victoria,VIC,15684,36
207011154,Kew East,Victoria,VIC,6482,41
207011155,Surrey Hills (West) - Canterbury,Victoria,VIC,15944,45
207011519,Hawthorn - North,Victoria,VIC,9890,35
207011520,Hawthorn - South,Victoria,VIC,11957,34
207011521,Kew - South,Victoria,VIC,11601,42
207011522,Kew - West,Victoria,VIC,13039,41
207021156,Bulleen,Victoria,VIC,11289,45
207021157,Doncaster,Victoria,VIC,24814,40
207021159,Templestowe,Victoria,VIC,16966,46
207021160,Templestowe Lower,Victoria,VIC,14191,45
207021424,Doncaster East - North,Victoria,VIC,15672,43
207021425,Doncaster East - South,Victoria,VIC,15454,40
207031161,Blackburn,Victoria,VIC,22106,40
207031162,Blackburn South,Victoria,VIC,10939,42
207031163,Box Hill,Victoria,VIC,22841,34
207031164,Box Hill North,Victoria,VIC,18126,39
207031165,Burwood (Vic.),Victoria,VIC,12336,33
207031166,Burwood East,Victoria,VIC,10675,41
207031167,Surrey Hills (East) - Mont Albert,Victoria,VIC,10166,42
208011168,Beaumaris,Victoria,VIC,14021,48
208011169,Brighton (Vic.),Victoria,VIC,22758,48
208011170,Brighton East,Victoria,VIC,16540,44
208011171,Highett (West) - Cheltenham,Victoria,VIC,12439,40
208011172,Hampton,Victoria,VIC,18200,43
208011173,Sandringham - Black Rock,Victoria,VIC,17358,48
208021174,Bentleigh - McKinnon,Victoria,VIC,24896,40
208021176,Carnegie,Victoria,VIC,18534,36
208021177,Caulfield - North,Victoria,VIC,22362,35
208021178,Caulfield - South,Victoria,VIC,18075,41
208021179,Elsternwick,Victoria,VIC,11904,38
208021180,Hughesdale,Victoria,VIC,7563,38
208021181,Murrumbeena,Victoria,VIC,9369,38
208021182,Ormond - Glen Huntly,Victoria,VIC,13128,36
208021426,Bentleigh East - North,Victoria,VIC,16583,39
208021427,Bentleigh East - South,Victoria,VIC,14057,40
208031183,Aspendale Gardens - Waterways,Victoria,VIC,8853,42
208031184,Braeside,Victoria,VIC,31,56
208031185,Carrum - Patterson Lakes,Victoria,VIC,12032,44
208031186,Chelsea - Bonbeach,Victoria,VIC,15204,41
208031187,Chelsea Heights,Victoria,VIC,5393,40
208031188,Highett (East) - Cheltenham,Victoria,VIC,24085,40
208031189,Edithvale - Aspendale,Victoria,VIC,13563,40
208031190,Mentone,Victoria,VIC,13197,42
208031191,Moorabbin - Heatherton,Victoria,VIC,9116,40
208031192,Moorabbin Airport,Victoria,VIC,26,22
208031193,Mordialloc - Parkdale,Victoria,VIC,21199,42
208041194,Malvern - Glen Iris,Victoria,VIC,20239,40
208041195,Malvern East,Victoria,VIC,21923,38
209011196,Bundoora - East,Victoria,VIC,9831,39
209011197,Greensborough,Victoria,VIC,20807,42
209011198,Heidelberg - Rosanna,Victoria,VIC,16039,40
209011199,Heidelberg West,Victoria,VIC,14852,35
209011200,Ivanhoe,Victoria,VIC,12458,41
209011201,Ivanhoe East - Eaglemont,Victoria,VIC,7740,45
209011202,Montmorency - Briar Hill,Victoria,VIC,16539,42
209011203,Viewbank - Yallambie,Victoria,VIC,18733,40
209011204,Watsonia,Victoria,VIC,9236,39
209021205,Kingsbury,Victoria,VIC,10408,34
209021428,Preston - East,Victoria,VIC,20711,36
209021429,Preston - West,Victoria,VIC,12696,38
209021523,Reservoir - North East,Victoria,VIC,14795,36
209021524,Reservoir - North West,Victoria,VIC,9801,43
209021525,Reservoir - South East,Victoria,VIC,12799,38
209021526,Reservoir - South West,Victoria,VIC,14090,37
209031209,Eltham,Victoria,VIC,23444,43
209031210,Hurstbridge,Victoria,VIC,3554,41
209031211,Kinglake,Victoria,VIC,4204,42
209031212,Panton Hill - St Andrews,Victoria,VIC,5091,48
209031213,Plenty - Yarrambat,Victoria,VIC,9454,43
209031214,Research - North Warrandyte,Victoria,VIC,6935,43
209031215,Wattle Glen - Diamond Creek,Victoria,VIC,14417,39
209041216,Bundoora - North,Victoria,VIC,7350,37
209041217,Bundoora - West,Victoria,VIC,6186,40
209041220,Mill Park - North,Victoria,VIC,17470,40
209041221,Mill Park - South,Victoria,VIC,11240,39
209041223,Thomastown,Victoria,VIC,19998,39
209041224,Wallan,Victoria,VIC,22627,33
209041225,Whittlesea,Victoria,VIC,10661,37
209041431,Epping - East,Victoria,VIC,13144,37
209041432,Epping - South,Victoria,VIC,8204,38
209041433,Epping (Vic.) - West,Victoria,VIC,12143,32
209041435,South Morang - North,Victoria,VIC,12595,35
209041436,South Morang - South,Victoria,VIC,12392,37
209041437,Wollert,Victoria,VIC,24407,30
209041527,Doreen - North,Victoria,VIC,16299,34
209041528,Doreen - South,Victoria,VIC,10471,32
209041529,Lalor - East,Victoria,VIC,9947,38
209041530,Lalor - West,Victoria,VIC,13513,37
209041531,Mernda - North,Victoria,VIC,11427,34
209041532,Mernda - South,Victoria,VIC,11940,32
210011226,Airport West,Victoria,VIC,8173,39
210011227,Essendon Airport,Victoria,VIC,13,45
210011228,Keilor,Victoria,VIC,8548,45
210011230,Niddrie - Essendon West,Victoria,VIC,7460,40
210011231,Strathmore,Victoria,VIC,10031,41
210011533,Avondale Heights,Victoria,VIC,12388,45
210011534,Keilor East,Victoria,VIC,15073,43
210021232,Gisborne,Victoria,VIC,14222,40
210021233,Macedon,Victoria,VIC,3523,46
210021234,Riddells Creek,Victoria,VIC,4457,42
210021235,Romsey,Victoria,VIC,10765,41
210031236,Coburg North,Victoria,VIC,8425,38
210031237,Fawkner,Victoria,VIC,14002,35
210031439,Gowanbrae,Victoria,VIC,3111,40
210031440,Hadfield,Victoria,VIC,6241,36
210031535,Glenroy - East,Victoria,VIC,14783,34
210031536,Glenroy - West,Victoria,VIC,8857,33
210031537,Oak Park,Victoria,VIC,7898,36
210031538,Pascoe Vale,Victoria,VIC,17214,36
210041240,Sunbury,Victoria,VIC,13671,39
210041539,Diggers Rest,Victoria,VIC,5237,32
210041540,Sunbury - South,Victoria,VIC,14985,38
210041541,Sunbury - West,Victoria,VIC,11166,36
210051242,Broadmeadows,Victoria,VIC,13859,33
210051243,Campbellfield - Coolaroo,Victoria,VIC,16057,34
210051245,Gladstone Park - Westmeadows,Victoria,VIC,18024,41
210051246,Greenvale - Bulla,Victoria,VIC,22095,35
210051247,Meadow Heights,Victoria,VIC,14890,34
210051248,Melbourne Airport,Victoria,VIC,126,38
210051250,Tullamarine,Victoria,VIC,6576,40
210051441,Craigieburn - Central,Victoria,VIC,8099,34
210051442,Craigieburn - North,Victoria,VIC,12309,32
210051443,Craigieburn - South,Victoria,VIC,21673,32
210051445,Mickleham - Yuroke,Victoria,VIC,23374,30
210051542,Craigieburn - North West,Victoria,VIC,9842,30
210051543,Craigieburn - West,Victoria,VIC,12999,31
210051544,Roxburgh Park (South) - Somerton,Victoria,VIC,9479,34
210051545,Roxburgh Park - North,Victoria,VIC,14658,30
211011251,Bayswater,Victoria,VIC,12589,38
211011254,Knoxfield - Scoresby,Victoria,VIC,16601,39
211011255,Lysterfield,Victoria,VIC,6594,41
211011256,Rowville - Central,Victoria,VIC,15418,41
211011257,Rowville - North,Victoria,VIC,7905,41
211011258,Rowville - South,Victoria,VIC,10375,42
211011259,Wantirna,Victoria,VIC,14341,41
211011260,Wantirna South,Victoria,VIC,17942,44
211011446,Boronia,Victoria,VIC,23560,39
211011447,Ferntree Gully - North,Victoria,VIC,14145,41
211011448,Ferntree Gully (South) - Upper Ferntree Gully,Victoria,VIC,15334,39
211011449,The Basin,Victoria,VIC,4345,39
211021261,Donvale - Park Orchards,Victoria,VIC,16275,45
211021262,Warrandyte - Wonga Park,Victoria,VIC,10112,46
211031263,Bayswater North,Victoria,VIC,11871,39
211031265,Croydon Hills - Warranwood,Victoria,VIC,18059,41
211031266,Ringwood,Victoria,VIC,18715,38
211031267,Ringwood East,Victoria,VIC,21132,39
211031268,Ringwood North,Victoria,VIC,9654,43
211031450,Croydon - East,Victoria,VIC,16109,38
211031451,Croydon - West,Victoria,VIC,14139,41
211031452,Croydon South,Victoria,VIC,4898,38
211041269,Forest Hill,Victoria,VIC,10780,42
211041270,Mitcham (Vic.),Victoria,VIC,16795,39
211041271,Nunawading,Victoria,VIC,12413,39
211041272,Vermont,Victoria,VIC,10993,40
211041273,Vermont South,Victoria,VIC,11954,46
211051274,Belgrave - Selby,Victoria,VIC,10005,40
211051275,Chirnside Park,Victoria,VIC,11779,38
211051276,Healesville - Yarra Glen,Victoria,VIC,14065,45
211051277,Kilsyth,Victoria,VIC,9916,38
211051278,Lilydale - Coldstream,Victoria,VIC,19599,40
211051279,Monbulk - Silvan,Victoria,VIC,5816,43
211051280,Montrose,Victoria,VIC,6943,41
211051281,Mooroolbark,Victoria,VIC,23146,37
211051282,Mount Dandenong - Olinda,Victoria,VIC,9706,45
211051283,Mount Evelyn,Victoria,VIC,9799,38
211051284,Upwey - Tecoma,Victoria,VIC,9777,41
211051285,Wandin - Seville,Victoria,VIC,7902,39
211051286,Yarra Valley,Victoria,VIC,16799,43
212011289,Emerald - Cockatoo,Victoria,VIC,18633,41
212011546,Beaconsfield - Officer,Victoria,VIC,23632,33
212011547,Bunyip - Garfield,Victoria,VIC,9868,40
212011548,Koo Wee Rup,Victoria,VIC,10069,35
212011549,Pakenham - North East,Victoria,VIC,15441,32
212011550,Pakenham - North West,Victoria,VIC,7479,32
212011551,Pakenham - South East,Victoria,VIC,6439,35
212011552,Pakenham - South West,Victoria,VIC,26783,33
212021293,Berwick - North,Victoria,VIC,22963,43
212021295,Doveton,Victoria,VIC,11889,34
212021297,Hallam,Victoria,VIC,11472,36
212021299,Narre Warren North,Victoria,VIC,8241,43
212021453,Endeavour Hills - North,Victoria,VIC,12086,39
212021454,Endeavour Hills - South,Victoria,VIC,13360,39
212021455,Narre Warren - North East,Victoria,VIC,13504,36
212021456,Narre Warren - South West,Victoria,VIC,14758,35
212021553,Berwick - South East,Victoria,VIC,17760,35
212021554,Berwick - South West,Victoria,VIC,11254,34
212031300,Cranbourne,Victoria,VIC,21281,35
212031303,Cranbourne South,Victoria,VIC,17400,32
212031304,Cranbourne West,Victoria,VIC,21535,32
212031306,Lynbrook - Lyndhurst,Victoria,VIC,18027,33
212031308,Pearcedale - Tooradin,Victoria,VIC,8024,40
212031457,Narre Warren South - East,Victoria,VIC,13152,36
212031458,Narre Warren South - West,Victoria,VIC,16713,33
212031555,Clyde North - North,Victoria,VIC,10535,32
212031556,Clyde North - South,Victoria,VIC,14802,29
212031557,Cranbourne East - North,Victoria,VIC,23415,31
212031558,Cranbourne East - South,Victoria,VIC,12289,30
212031559,Cranbourne North - East,Victoria,VIC,12772,30
212031560,Cranbourne North - West,Victoria,VIC,11910,34
212031561,Hampton Park - East,Victoria,VIC,12715,32
212031562,Hampton Park - West,Victoria,VIC,13368,34
212041309,Clarinda - Oakleigh South,Victoria,VIC,11554,44
212041310,Clayton South,Victoria,VIC,13381,34
212041312,Dandenong North,Victoria,VIC,22526,38
212041313,Dingley Village,Victoria,VIC,10499,45
212041316,Noble Park North,Victoria,VIC,7456,40
212041317,Springvale,Victoria,VIC,22248,36
212041318,Springvale South,Victoria,VIC,12621,38
212041459,Noble Park - East,Victoria,VIC,12739,35
212041460,Noble Park - West,Victoria,VIC,19591,36
212041563,Dandenong - North,Victoria,VIC,21487,35
212041564,Dandenong - South,Victoria,VIC,9350,32
212041565,Keysborough - North,Victoria,VIC,15096,40
212041566,Keysborough - South,Victoria,VIC,15093,34
212051319,Ashwood - Chadstone,Victoria,VIC,19507,36
212051321,Glen Waverley - East,Victoria,VIC,21603,42
212051322,Glen Waverley - West,Victoria,VIC,21036,39
212051323,Mount Waverley - North,Victoria,VIC,16073,40
212051324,Mount Waverley - South,Victoria,VIC,19265,40
212051325,Mulgrave,Victoria,VIC,19889,40
212051326,Oakleigh - Huntingdale,Victoria,VIC,22928,37
212051327,Wheelers Hill,Victoria,VIC,20652,48
212051567,Clayton (North) - Notting Hill,Victoria,VIC,9829,26
212051568,Clayton - Central,Victoria,VIC,12052,30
213011328,Ardeer - Albion,Victoria,VIC,7502,36
213011329,Cairnlea,Victoria,VIC,10038,36
213011331,Delahey,Victoria,VIC,8077,39
213011332,Keilor Downs,Victoria,VIC,13082,42
213011333,Kings Park (Vic.),Victoria,VIC,13983,38
213011334,St Albans - North,Victoria,VIC,20581,36
213011335,St Albans - South,Victoria,VIC,17454,38
213011336,Sunshine,Victoria,VIC,9445,35
213011337,Sunshine North,Victoria,VIC,12047,37
213011338,Sunshine West,Victoria,VIC,18558,38
213011339,Sydenham,Victoria,VIC,11726,37
213011340,Taylors Lakes,Victoria,VIC,16910,45
213011569,Deer Park,Victoria,VIC,18004,35
213011570,Derrimut,Victoria,VIC,8653,32
213021341,Altona,Victoria,VIC,13556,42
213021342,Altona Meadows,Victoria,VIC,18479,41
213021343,Altona North,Victoria,VIC,14931,37
213021344,Newport,Victoria,VIC,18753,38
213021345,Seabrook,Victoria,VIC,4952,37
213021346,Williamstown,Victoria,VIC,15912,45
213031347,Braybrook,Victoria,VIC,19068,34
213031348,Footscray,Victoria,VIC,17131,34
213031349,Maribyrnong,Victoria,VIC,12573,36
213031350,Seddon - Kingsville,Victoria,VIC,9247,37
213031351,West Footscray - Tottenham,Victoria,VIC,11735,35
213031352,Yarraville,Victoria,VIC,15463,37
213041353,Bacchus Marsh,Victoria,VIC,24717,37
213041358,Melton West,Victoria,VIC,21208,33
213041359,Rockbank - Mount Cottrell,Victoria,VIC,17553,31
213041360,Taylors Hill,Victoria,VIC,19539,34
213041461,Burnside,Victoria,VIC,5800,37
213041462,Burnside Heights,Victoria,VIC,6377,33
213041463,Caroline Springs,Victoria,VIC,20365,35
213041571,Brookfield,Victoria,VIC,9829,33
213041572,Cobblebank - Strathtulloh,Victoria,VIC,7598,29
213041573,Eynesbury - Exford,Victoria,VIC,2990,35
213041574,Fraser Rise - Plumpton,Victoria,VIC,10098,31
213041575,Hillside,Victoria,VIC,16182,36
213041576,Kurunjang - Toolern Vale,Victoria,VIC,11632,35
213041577,Melton,Victoria,VIC,7886,39
213041578,Melton South - Weir Views,Victoria,VIC,16658,32
213051361,Hoppers Crossing - North,Victoria,VIC,18446,37
213051362,Hoppers Crossing - South,Victoria,VIC,18772,37
213051363,Laverton,Victoria,VIC,11459,32
213051368,Werribee - South,Victoria,VIC,16810,37
213051464,Point Cook - East,Victoria,VIC,19274,33
213051466,Point Cook - South,Victoria,VIC,19091,33
213051467,Werribee - East,Victoria,VIC,19010,36
213051468,Werribee - West,Victoria,VIC,22341,32
213051579,Manor Lakes - Quandong,Victoria,VIC,10616,31
213051580,Point Cook - North East,Victoria,VIC,14167,36
213051581,Point Cook - North West,Victoria,VIC,9565,34
213051582,Tarneit (West) - Mount Cottrell,Victoria,VIC,10132,29
213051583,Tarneit - Central,Victoria,VIC,28116,30
213051584,Tarneit - North,Victoria,VIC,7197,29
213051585,Tarneit - South,Victoria,VIC,11182,31
213051586,Truganina - North,Victoria,VIC,9340,30
213051587,Truganina - South East,Victoria,VIC,9596,31
213051588,Truganina - South West,Victoria,VIC,19065,30
213051589,Wyndham Vale - North,Victoria,VIC,9032,29
213051590,Wyndham Vale - South,Victoria,VIC,13546,33
214011370,Carrum Downs,Victoria,VIC,21976,36
214011371,Frankston,Victoria,VIC,23586,39
214011372,Frankston North,Victoria,VIC,19453,38
214011373,Frankston South,Victoria,VIC,18801,44
214011374,Langwarrin,Victoria,VIC,24939,38
214011375,Seaford (Vic.),Victoria,VIC,17215,40
214011376,Skye - Sandhurst,Victoria,VIC,13303,38
214021377,Dromana,Victoria,VIC,13366,51
214021378,Flinders,Victoria,VIC,5995,56
214021379,Hastings - Somers,Victoria,VIC,23970,42
214021381,Mount Eliza,Victoria,VIC,18734,45
214021382,Mount Martha,Victoria,VIC,19846,46
214021383,Point Nepean,Victoria,VIC,19811,53
214021384,Rosebud - McCrae,Victoria,VIC,22944,52
214021385,Somerville,Victoria,VIC,18522,41
214021591,Mornington - East,Victoria,VIC,15175,45
214021592,Mornington - West,Victoria,VIC,10581,57
215011386,Ararat,Victoria,VIC,8500,45
215011387,Ararat Surrounds,Victoria,VIC,3204,49
215011388,Horsham,Victoria,VIC,16985,40
215011389,Horsham Surrounds,Victoria,VIC,3471,46
215011390,Nhill Region,Victoria,VIC,6956,50
215011391,St Arnaud,Victoria,VIC,3453,52
215011392,Stawell,Victoria,VIC,8504,48
215011393,West Wimmera,Victoria,VIC,2766,52
215011394,Yarriambiack,Victoria,VIC,6501,52
215021395,Irymple,Victoria,VIC,7700,40
215021396,Merbein,Victoria,VIC,4976,43
215021398,Mildura Surrounds,Victoria,VIC,3726,46
215021399,Red Cliffs,Victoria,VIC,6138,41
215021469,Mildura - North,Victoria,VIC,18027,39
215021470,Mildura - South,Victoria,VIC,16408,39
215031400,Buloke,Victoria,VIC,6184,52
215031401,Gannawarra,Victoria,VIC,6719,52
215031402,Kerang,Victoria,VIC,3960,51
215031403,Robinvale,Victoria,VIC,3740,36
215031404,Swan Hill,Victoria,VIC,11186,38
215031405,Swan Hill Surrounds,Victoria,VIC,6477,43
216011406,Echuca,Victoria,VIC,15636,45
216011407,Kyabram,Victoria,VIC,11121,45
216011408,Lockington - Gunbower,Victoria,VIC,3927,45
216011409,Rochester,Victoria,VIC,4016,50
216011410,Rushworth,Victoria,VIC,4193,52
216021411,Cobram,Victoria,VIC,6465,48
216021412,Moira,Victoria,VIC,2843,48
216021413,Numurkah,Victoria,VIC,12555,46
216021414,Yarrawonga,Victoria,VIC,8661,52
216031415,Mooroopna,Victoria,VIC,8312,43
216031416,Shepparton - North,Victoria,VIC,19928,38
216031418,Shepparton Surrounds - East,Victoria,VIC,4017,43
216031419,Shepparton Surrounds - West,Victoria,VIC,10346,45
216031593,Kialla,Victoria,VIC,9082,38
216031594,Shepparton - South East,Victoria,VIC,16520,37
217011420,Glenelg (Vic.),Victoria,VIC,8920,51
217011421,Hamilton (Vic.),Victoria,VIC,10346,45
217011422,Portland,Victoria,VIC,11230,47
217011423,Southern Grampians,Victoria,VIC,6301,49
217031471,Camperdown,Victoria,VIC,3491,50
217031472,Colac,Victoria,VIC,12756,42
217031473,Colac Surrounds,Victoria,VIC,5669,45
217031474,Corangamite - North,Victoria,VIC,5395,49
217031475,Corangamite - South,Victoria,VIC,7180,45
217031476,Otway,Victoria,VIC,4008,52
217041477,Moyne - East,Victoria,VIC,7018,42
217041478,Moyne - West,Victoria,VIC,10014,46
217041479,Warrnambool - North,Victoria,VIC,22405,40
217041480,Warrnambool - South,Victoria,VIC,13337,44
301011001,Alexandra Hills,Queensland,QLD,16574,38
301011002,Belmont - Gumdale,Queensland,QLD,7550,41
301011003,Birkdale,Queensland,QLD,15230,43
301011004,Capalaba,Queensland,QLD,18254,39
301011005,Thorneside,Queensland,QLD,3877,41
301011006,Wellington Point,Queensland,QLD,11893,43
301021007,Cleveland,Queensland,QLD,15851,51
301021008,Ormiston,Queensland,QLD,6379,47
301021009,Redland Bay,Queensland,QLD,17765,39
301021011,Sheldon - Mount Cotton,Queensland,QLD,8357,37
301021012,Thornlands,Queensland,QLD,19263,36
301021013,Victoria Point,Queensland,QLD,15140,49
301021550,North Stradbroke Island,Queensland,QLD,2156,52
301021551,Southern Moreton Bay Islands,Queensland,QLD,8481,61
301031014,Brisbane Port - Lytton,Queensland,QLD,8,51
301031015,Manly - Lota,Queensland,QLD,7890,45
301031016,Manly West,Queensland,QLD,11860,40
301031017,Murarrie,Queensland,QLD,4775,35
301031018,Tingalpa,Queensland,QLD,8881,38
301031019,Wakerley,Queensland,QLD,9446,36
301031020,Wynnum,Queensland,QLD,14502,43
301031021,Wynnum West - Hemmant,Queensland,QLD,15681,38
302011022,Bald Hills,Queensland,QLD,7826,36
302011023,Bridgeman Downs,Queensland,QLD,10501,40
302011024,Carseldine,Queensland,QLD,9844,41
302011025,Everton Park,Queensland,QLD,10044,35
302011026,McDowall,Queensland,QLD,7918,38
302021027,Aspley,Queensland,QLD,12912,43
302021028,Chermside,Queensland,QLD,11426,35
302021029,Chermside West,Queensland,QLD,6611,37
302021030,Geebung,Queensland,QLD,4541,38
302021031,Kedron - Gordon Park,Queensland,QLD,14432,35
302021032,Stafford,Queensland,QLD,6917,35
302021033,Stafford Heights,Queensland,QLD,7153,39
302021034,Wavell Heights,Queensland,QLD,10344,37
302031035,Boondall,Queensland,QLD,9596,38
302031036,Brisbane Airport,Queensland,QLD,125,35
302031037,Eagle Farm - Pinkenba,Queensland,QLD,2076,38
302031038,Northgate - Virginia,Queensland,QLD,7068,35
302031039,Nudgee - Banyo,Queensland,QLD,10789,37
302031040,Nundah,Queensland,QLD,13305,35
302041041,Bracken Ridge,Queensland,QLD,17488,37
302041042,Brighton (Qld),Queensland,QLD,9664,42
302041043,Deagon,Queensland,QLD,3773,42
302041044,Sandgate - Shorncliffe,Queensland,QLD,6826,48
302041045,Taigum - Fitzgibbon,Queensland,QLD,14097,37
302041046,Zillmere,Queensland,QLD,9323,34
303011047,Camp Hill,Queensland,QLD,12145,35
303011048,Cannon Hill,Queensland,QLD,6930,34
303011049,Carina,Queensland,QLD,11826,37
303011050,Carina Heights,Queensland,QLD,6884,36
303011051,Carindale,Queensland,QLD,16504,43
303021052,Annerley,Queensland,QLD,11935,33
303021053,Coorparoo,Queensland,QLD,17810,35
303021054,Fairfield - Dutton Park,Queensland,QLD,5008,32
303021055,Greenslopes,Queensland,QLD,10524,33
303021056,Holland Park,Queensland,QLD,8895,37
303021057,Holland Park West,Queensland,QLD,6419,36
303021058,Woolloongabba,Queensland,QLD,8597,29
303021059,Yeronga,Queensland,QLD,10200,38
303031060,Eight Mile Plains,Queensland,QLD,15186,36
303031061,Macgregor (Qld),Queensland,QLD,5979,34
303031062,Mansfield (Qld),Queensland,QLD,8880,39
303031063,Mount Gravatt,Queensland,QLD,15873,35
303031064,Rochedale - Burbank,Queensland,QLD,11020,34
303031065,Upper Mount Gravatt,Queensland,QLD,10988,33
303031066,Wishart,Queensland,QLD,11444,40
303041067,Coopers Plains,Queensland,QLD,5704,33
303041068,Moorooka,Queensland,QLD,10825,36
303041069,Robertson,Queensland,QLD,4870,37
303041070,Salisbury - Nathan,Queensland,QLD,7562,34
303041071,Tarragindi,Queensland,QLD,10944,37
303051072,Algester,Queensland,QLD,9020,36
303051073,Calamvale - Stretton,Queensland,QLD,22845,35
303051074,Pallara - Willawong,Queensland,QLD,10220,31
303051075,Parkinson - Drewvale,Queensland,QLD,16095,36
303051076,Rocklea - Acacia Ridge,Queensland,QLD,9711,34
303061077,Kuraby,Queensland,QLD,9025,35
303061078,Runcorn,Queensland,QLD,14046,34
303061079,Sunnybank,Queensland,QLD,9033,35
303061080,Sunnybank Hills,Queensland,QLD,18085,37
304011081,Jindalee - Mount Ommaney,Queensland,QLD,7645,41
304011082,Middle Park - Jamboree Heights,Queensland,QLD,7086,39
304011083,Riverhills,Queensland,QLD,4121,36
304011084,Seventeen Mile Rocks - Sinnamon Park,Queensland,QLD,9716,43
304011085,Westlake,Queensland,QLD,4444,43
304021086,Bellbowrie - Moggill,Queensland,QLD,10528,40
304021087,Brookfield - Kenmore Hills,Queensland,QLD,7020,46
304021088,Chapel Hill,Queensland,QLD,10731,42
304021089,Fig Tree Pocket,Queensland,QLD,4345,40
304021090,Kenmore,Queensland,QLD,9438,40
304021091,Pinjarra Hills - Pullenvale,Queensland,QLD,5673,45
304031092,Chelmer - Graceville,Queensland,QLD,7849,40
304031093,Corinda,Queensland,QLD,5321,41
304031094,Indooroopilly,Queensland,QLD,13430,33
304031095,Sherwood,Queensland,QLD,6452,38
304031096,St Lucia,Queensland,QLD,12220,25
304031097,Taringa,Queensland,QLD,9020,33
304041098,Enoggera,Queensland,QLD,9042,32
304041099,Enoggera Reservoir,Queensland,QLD,33,47
304041100,Keperra,Queensland,QLD,7416,39
304041101,Mitchelton,Queensland,QLD,8909,36
304041102,Mount Coot-tha,Queensland,QLD,0,0
304041103,The Gap,Queensland,QLD,17099,42
304041104,Upper Kedron - Ferny Grove,Queensland,QLD,11681,37
305011105,Brisbane City,Queensland,QLD,13310,31
305011106,Fortitude Valley,Queensland,QLD,9512,31
305011107,Highgate Hill,Queensland,QLD,6372,37
305011108,Kangaroo Point,Queensland,QLD,9761,36
305011109,New Farm,Queensland,QLD,12454,39
305011110,South Brisbane,Queensland,QLD,14243,29
305011111,Spring Hill,Queensland,QLD,6860,31
305011112,West End,Queensland,QLD,14953,33
305021113,Balmoral,Queensland,QLD,4554,37
305021114,Bulimba,Queensland,QLD,7407,40
305021115,East Brisbane,Queensland,QLD,6118,33
305021116,Hawthorne,Queensland,QLD,5133,37
305021117,Morningside - Seven Hills,Queensland,QLD,14308,34
305021118,Norman Park,Queensland,QLD,6857,35
305031119,Albion,Queensland,QLD,4305,32
305031120,Alderley,Queensland,QLD,6593,35
305031121,Ascot,Queensland,QLD,5769,39
305031122,Clayfield,Queensland,QLD,10754,37
305031123,Grange,Queensland,QLD,4627,37
305031124,Hamilton (Qld),Queensland,QLD,6768,42
305031125,Hendra,Queensland,QLD,4949,39
305031126,Kelvin Grove - Herston,Queensland,QLD,10165,29
305031127,Newmarket,Queensland,QLD,5083,33
305031128,Newstead - Bowen Hills,Queensland,QLD,18016,33
305031129,Wilston,Queensland,QLD,4031,37
305031130,Windsor,Queensland,QLD,7978,32
305031131,Wooloowin - Lutwyche,Queensland,QLD,11025,34
305041132,Ashgrove,Queensland,QLD,13716,38
305041133,Auchenflower,Queensland,QLD,5670,32
305041134,Bardon,Queensland,QLD,10343,38
305041135,Paddington - Milton,Queensland,QLD,12197,33
305041136,Red Hill (Qld),Queensland,QLD,5975,32
305041137,Toowong,Queensland,QLD,12428,30
306011138,Brinsmead,Queensland,QLD,5537,39
306011139,Clifton Beach - Kewarra Beach,Queensland,QLD,11789,47
306011140,Freshwater - Stratford,Queensland,QLD,3742,41
306011141,Redlynch,Queensland,QLD,13784,38
306011142,Trinity Beach - Smithfield,Queensland,QLD,16791,38
306011143,Yorkeys Knob - Machans Beach,Queensland,QLD,6133,46
306021144,Bentley Park,Queensland,QLD,8360,32
306021145,Cairns City,Queensland,QLD,12567,37
306021146,Earlville - Bayview Heights,Queensland,QLD,8376,43
306021147,Edmonton,Queensland,QLD,11409,33
306021148,Gordonvale - Trinity,Queensland,QLD,9838,38
306021149,Kanimbla - Mooroobool,Queensland,QLD,9963,40
306021150,Lamb Range,Queensland,QLD,7,10
306021151,Manoora,Queensland,QLD,6175,36
306021152,Manunda,Queensland,QLD,5191,39
306021153,Mount Sheridan,Queensland,QLD,8678,37
306021154,Westcourt - Bungalow,Queensland,QLD,6519,39
306021155,White Rock,Queensland,QLD,4918,37
306021156,Whitfield - Edge Hill,Queensland,QLD,8353,43
306021157,Woree,Queensland,QLD,5127,38
306031158,Babinda,Queensland,QLD,4568,47
306031159,Innisfail,Queensland,QLD,9257,41
306031160,Johnstone,Queensland,QLD,8002,47
306031161,Tully,Queensland,QLD,10999,48
306031162,Wooroonooran,Queensland,QLD,4,60
306031163,Yarrabah,Queensland,QLD,2505,25
306041164,Daintree,Queensland,QLD,6674,47
306041165,Port Douglas,Queensland,QLD,5582,45
306051166,Atherton,Queensland,QLD,11625,45
306051167,Herberton,Queensland,QLD,5522,52
306051168,Kuranda,Queensland,QLD,4826,47
306051169,Malanda - Yungaburra,Queensland,QLD,9095,51
306051170,Mareeba,Queensland,QLD,11825,41
307011171,Balonne,Queensland,QLD,4320,40
307011172,Chinchilla,Queensland,QLD,8775,35
307011173,Goondiwindi,Queensland,QLD,6230,38
307011174,Inglewood - Waggamba,Queensland,QLD,4065,45
307011175,Miles - Wandoan,Queensland,QLD,4180,38
307011176,Roma,Queensland,QLD,6838,35
307011177,Roma Surrounds,Queensland,QLD,5989,42
307011178,Tara,Queensland,QLD,3851,47
307021179,Crows Nest - Rosalie,Queensland,QLD,9175,50
307021180,Jondaryan,Queensland,QLD,7662,41
307021181,Millmerran,Queensland,QLD,3223,47
307021182,Pittsworth,Queensland,QLD,5791,42
307021183,Wambo,Queensland,QLD,17015,37
307031184,Clifton - Greenmount,Queensland,QLD,5109,46
307031185,Southern Downs - East,Queensland,QLD,4360,51
307031186,Southern Downs - West,Queensland,QLD,4991,50
307031187,Stanthorpe,Queensland,QLD,5286,50
307031188,Stanthorpe Surrounds,Queensland,QLD,6247,49
307031189,Warwick,Queensland,QLD,15525,44
308011190,Central Highlands - East,Queensland,QLD,7156,32
308011191,Central Highlands - West,Queensland,QLD,7616,40
308011192,Emerald,Queensland,QLD,14089,32
308031205,Berserker,Queensland,QLD,7024,35
308031206,Bouldercombe,Queensland,QLD,1948,46
308031207,Emu Park,Queensland,QLD,5798,49
308031208,Frenchville - Mount Archer,Queensland,QLD,9059,37
308031209,Glenlee - Rockyview,Queensland,QLD,5224,39
308031210,Gracemere,Queensland,QLD,12379,33
308031211,Lakes Creek,Queensland,QLD,4880,35
308031212,Mount Morgan,Queensland,QLD,2945,53
308031213,Norman Gardens,Queensland,QLD,10709,37
308031214,Park Avenue,Queensland,QLD,5292,36
308031215,Parkhurst - Kawana,Queensland,QLD,7477,35
308031216,Rockhampton - West,Queensland,QLD,5903,39
308031217,Rockhampton City,Queensland,QLD,3364,41
308031218,Rockhampton Surrounds - East,Queensland,QLD,3507,46
308031219,Rockhampton Surrounds - North,Queensland,QLD,4598,44
308031220,Rockhampton Surrounds - West,Queensland,QLD,3002,43
308031221,Shoalwater Bay,Queensland,QLD,22,70
308031222,The Range - Allenstown,Queensland,QLD,7989,38
308031223,Yeppoon,Queensland,QLD,20244,42
308041528,Banana,Queensland,QLD,8817,40
308041529,Biloela,Queensland,QLD,5694,36
308051530,Agnes Water - Miriam Vale,Queensland,QLD,6807,52
308051531,Boyne Island - Tannum Sands,Queensland,QLD,10063,39
308051532,Callemondah,Queensland,QLD,30,63
308051533,Clinton - New Auckland,Queensland,QLD,14161,33
308051534,Gladstone,Queensland,QLD,6174,40
308051535,Gladstone Hinterland,Queensland,QLD,11529,38
308051536,Kin Kora - Sun Valley,Queensland,QLD,3533,38
308051537,South Trees,Queensland,QLD,0,0
308051538,Telina - Toolooa,Queensland,QLD,6387,34
308051539,West Gladstone,Queensland,QLD,4832,40
309011224,Broadbeach Waters,Queensland,QLD,8164,43
309011225,Burleigh Heads,Queensland,QLD,9176,44
309011226,Burleigh Waters,Queensland,QLD,14413,42
309011227,Mermaid Beach - Broadbeach,Queensland,QLD,13997,40
309011228,Mermaid Waters,Queensland,QLD,13205,40
309011229,Miami,Queensland,QLD,7445,37
309021230,Coolangatta,Queensland,QLD,6491,50
309021231,Currumbin - Tugun,Queensland,QLD,12339,41
309021232,Currumbin Waters,Queensland,QLD,9797,42
309021233,Elanora,Queensland,QLD,12539,42
309021234,Palm Beach,Queensland,QLD,16349,39
309031235,Arundel,Queensland,QLD,11171,41
309031236,Biggera Waters,Queensland,QLD,9973,44
309031237,Coombabah,Queensland,QLD,10298,51
309031238,Labrador,Queensland,QLD,18643,45
309031239,Paradise Point - Hollywell,Queensland,QLD,9991,52
309031240,Runaway Bay,Queensland,QLD,9308,54
309041241,Guanaba - Springbrook,Queensland,QLD,4420,45
309041242,Tamborine - Canungra,Queensland,QLD,15692,46
309051243,Currumbin Valley - Tallebudgera,Queensland,QLD,7674,43
309051244,Mudgeeraba - Bonogin,Queensland,QLD,19552,39
309051245,Reedy Creek - Andrews,Queensland,QLD,8810,37
309061246,Carrara,Queensland,QLD,13147,42
309061247,Highland Park,Queensland,QLD,8433,40
309061248,Nerang - Mount Nathan,Queensland,QLD,21260,39
309061249,Pacific Pines - Gaven,Queensland,QLD,18308,35
309061250,Worongary - Tallai,Queensland,QLD,8542,43
309071251,Coomera,Queensland,QLD,20225,29
309071252,Helensvale,Queensland,QLD,18949,41
309071253,Hope Island,Queensland,QLD,14665,50
309071254,Jacobs Well - Alberton,Queensland,QLD,4607,43
309071256,Oxenford - Maudsland,Queensland,QLD,17920,36
309071552,Ormeau (East) - Stapylton,Queensland,QLD,10681,32
309071553,Ormeau (West) - Yatala,Queensland,QLD,11879,36
309071554,Pimpama - North,Queensland,QLD,9910,32
309071555,Pimpama - South,Queensland,QLD,10491,27
309071556,Upper Coomera (South) - Wongawallan,Queensland,QLD,11420,36
309071557,Upper Coomera - North,Queensland,QLD,20287,33
309071558,Willow Vale - Pimpama (West),Queensland,QLD,7027,29
309081259,Clear Island Waters,Queensland,QLD,4395,50
309081260,Merrimac,Queensland,QLD,7210,38
309081262,Varsity Lakes,Queensland,QLD,16639,36
309081559,Robina - East,Queensland,QLD,16861,39
309081560,Robina - West,Queensland,QLD,8804,40
309091263,Ashmore,Queensland,QLD,12415,43
309091264,Molendinar,Queensland,QLD,6450,37
309091265,Parkwood,Queensland,QLD,8837,37
309091540,Southport - North,Queensland,QLD,17891,35
309091541,Southport - South,Queensland,QLD,18893,39
309101267,Benowa,Queensland,QLD,9889,44
309101268,Bundall,Queensland,QLD,4895,41
309101269,Main Beach,Queensland,QLD,3998,57
309101561,Surfers Paradise - North,Queensland,QLD,12204,45
309101562,Surfers Paradise - South,Queensland,QLD,14210,39
310011271,Darra - Sumner,Queensland,QLD,4699,35
310011272,Durack,Queensland,QLD,8254,39
310011274,Inala - Richlands,Queensland,QLD,19891,31
310011275,Oxley (Qld),Queensland,QLD,8578,35
310011276,Wacol,Queensland,QLD,6220,34
310011563,Doolandella,Queensland,QLD,8598,31
310011564,Forest Lake - Ellen Grove,Queensland,QLD,22478,36
310021277,Boonah,Queensland,QLD,12617,47
310021278,Esk,Queensland,QLD,5052,55
310021279,Lake Manchester - England Creek,Queensland,QLD,0,0
310021280,Lockyer Valley - East,Queensland,QLD,21208,41
310021281,Lowood,Queensland,QLD,14197,41
310021282,Rosewood,Queensland,QLD,14217,38
310031283,Brassall,Queensland,QLD,12115,34
310031284,Bundamba,Queensland,QLD,9334,36
310031285,Churchill - Yamanto,Queensland,QLD,6817,35
310031286,Ipswich - Central,Queensland,QLD,6715,41
310031287,Ipswich - East,Queensland,QLD,17975,39
310031288,Ipswich - North,Queensland,QLD,4561,40
310031289,Karalee - Barellan Point,Queensland,QLD,6694,38
310031290,Karana Downs,Queensland,QLD,6032,42
310031291,Leichhardt - One Mile,Queensland,QLD,8268,32
310031292,North Ipswich - Tivoli,Queensland,QLD,6416,41
310031293,Raceview,Queensland,QLD,15154,36
310031294,Ripley,Queensland,QLD,12774,29
310031295,Riverview,Queensland,QLD,3067,37
310041297,Camira - Gailes,Queensland,QLD,9249,38
310041298,Carole Park,Queensland,QLD,8,36
310041299,Collingwood Park - Redbank,Queensland,QLD,11686,31
310041300,Goodna,Queensland,QLD,10885,33
310041301,New Chum,Queensland,QLD,3,91
310041302,Redbank Plains,Queensland,QLD,24349,27
310041303,Springfield,Queensland,QLD,7322,32
310041304,Springfield Lakes,Queensland,QLD,23526,31
310041565,Augustine Heights - Brookwater,Queensland,QLD,8987,32
310041566,Bellbird Park,Queensland,QLD,9191,31
311011305,Beaudesert,Queensland,QLD,14674,45
311021306,Beenleigh,Queensland,QLD,8425,38
311021307,Eagleby,Queensland,QLD,13594,37
311021308,Edens Landing - Holmview,Queensland,QLD,9549,31
311021309,Mount Warren Park,Queensland,QLD,5736,41
311021310,Wolffdene - Bahrs Scrub,Queensland,QLD,9016,32
311031311,Boronia Heights - Park Ridge,Queensland,QLD,19166,32
311031312,Browns Plains,Queensland,QLD,8161,32
311031313,Chambers Flat - Logan Reserve,Queensland,QLD,8869,30
311031314,Crestmead,Queensland,QLD,12158,29
311031315,Greenbank Military Camp,Queensland,QLD,0,0
311031316,Hillcrest,Queensland,QLD,8832,35
311031317,Marsden,Queensland,QLD,15988,28
311031318,Munruben - Park Ridge South,Queensland,QLD,4428,43
311031319,Regents Park - Heritage Park,Queensland,QLD,16032,35
311041322,Logan Village,Queensland,QLD,8608,40
311041567,Flagstone (East) - Riverbend,Queensland,QLD,6632,34
311041568,Flagstone (West) - New Beith,Queensland,QLD,10051,33
311041569,Greenbank - North Maclean,Queensland,QLD,7637,37
311041570,Jimboomba - Glenlogan,Queensland,QLD,18013,37
311041571,Yarrabilba,Queensland,QLD,10706,26
311051323,Bethania - Waterford,Queensland,QLD,12125,38
311051324,Cornubia - Carbrook,Queensland,QLD,9076,41
311051325,Loganholme - Tanah Merah,Queensland,QLD,11588,35
311051326,Loganlea,Queensland,QLD,11776,32
311051327,Shailer Park,Queensland,QLD,12073,39
311051328,Waterford West,Queensland,QLD,7815,35
311061329,Daisy Hill,Queensland,QLD,6897,38
311061330,Kingston (Qld),Queensland,QLD,10371,32
311061331,Logan Central,Queensland,QLD,6356,32
311061332,Rochedale South - Priestdale,Queensland,QLD,15394,37
311061333,Slacks Creek,Queensland,QLD,10408,35
311061334,Springwood,Queensland,QLD,9842,40
311061335,Underwood,Queensland,QLD,6809,34
311061336,Woodridge,Queensland,QLD,12982,33
312011337,Bowen,Queensland,QLD,9874,42
312011338,Broadsound - Nebo,Queensland,QLD,8730,36
312011339,Clermont,Queensland,QLD,3893,36
312011340,Collinsville,Queensland,QLD,3898,45
312011341,Moranbah,Queensland,QLD,9425,31
312021342,Andergrove - Beaconsfield,Queensland,QLD,15824,36
312021343,East Mackay,Queensland,QLD,3756,42
312021344,Eimeo - Rural View,Queensland,QLD,13495,33
312021345,Eungella Hinterland,Queensland,QLD,9,61
312021346,Mackay,Queensland,QLD,4026,38
312021347,Mackay Harbour,Queensland,QLD,615,50
312021348,Mount Pleasant - Glenella,Queensland,QLD,11558,40
312021349,North Mackay,Queensland,QLD,6283,40
312021350,Ooralea - Bakers Creek,Queensland,QLD,5941,36
312021351,Pioneer Valley,Queensland,QLD,8897,36
312021352,Sarina,Queensland,QLD,11822,42
312021353,Seaforth - Calen,Queensland,QLD,8181,47
312021354,Shoal Point - Bucasia,Queensland,QLD,6084,36
312021355,Slade Point,Queensland,QLD,3455,40
312021356,South Mackay,Queensland,QLD,6918,39
312021357,Walkerston - Eton,Queensland,QLD,8457,38
312021358,West Mackay,Queensland,QLD,6364,41
312031359,Airlie - Whitsundays,Queensland,QLD,14523,36
312031360,Cape Conway,Queensland,QLD,0,0
312031361,Proserpine,Queensland,QLD,8858,45
313011362,Beachmere - Sandstone Point,Queensland,QLD,16469,53
313011363,Bribie Island,Queensland,QLD,20612,63
313021364,Burpengary - East,Queensland,QLD,6658,34
313021366,Caboolture - South,Queensland,QLD,23625,33
313021367,Elimbah,Queensland,QLD,4290,40
313021368,Morayfield - East,Queensland,QLD,11078,32
313021369,Wamuran,Queensland,QLD,4228,43
313021572,Caboolture - East,Queensland,QLD,17736,35
313021573,Caboolture - West,Queensland,QLD,12165,39
313031370,Kilcoy,Queensland,QLD,5799,44
313031371,Woodford - D'Aguilar,Queensland,QLD,9100,39
313041372,Burpengary,Queensland,QLD,16488,36
313041373,Deception Bay,Queensland,QLD,22686,41
313041374,Morayfield,Queensland,QLD,5867,38
313041375,Narangba,Queensland,QLD,20914,33
313041376,Upper Caboolture,Queensland,QLD,3260,41
313051377,Clontarf,Queensland,QLD,8415,46
313051378,Margate - Woody Point,Queensland,QLD,11974,48
313051379,Redcliffe,Queensland,QLD,10434,52
313051380,Rothwell - Kippa-Ring,Queensland,QLD,17385,43
313051574,Moreton Island,Queensland,QLD,309,45
313051575,Scarborough - Newport,Queensland,QLD,15257,49
314011382,Albany Creek,Queensland,QLD,16410,40
314011383,Cashmere,Queensland,QLD,19643,35
314011384,Dayboro,Queensland,QLD,9213,43
314011385,Eatons Hill,Queensland,QLD,7822,38
314011386,The Hills District,Queensland,QLD,24313,38
314011387,Samford Valley,Queensland,QLD,12385,45
314021389,Murrumba Downs - Griffin,Queensland,QLD,23089,32
314021576,Dakabin,Queensland,QLD,5275,30
314021577,Kallangur,Queensland,QLD,21749,35
314021578,Mango Hill,Queensland,QLD,14921,31
314021579,North Lakes,Queensland,QLD,23030,35
314031391,Bray Park,Queensland,QLD,10271,37
314031392,Lawnton,Queensland,QLD,7095,35
314031393,Petrie,Queensland,QLD,8735,38
314031394,Strathpine - Brendale,Queensland,QLD,13747,36
315011395,Aurukun,Queensland,QLD,1101,29
315011396,Cape York,Queensland,QLD,7803,35
315011397,Croydon - Etheridge,Queensland,QLD,981,42
315011398,Kowanyama - Pormpuraaw,Queensland,QLD,1691,30
315011399,Northern Peninsula,Queensland,QLD,2781,23
315011400,Tablelands,Queensland,QLD,6204,43
315011401,Torres,Queensland,QLD,3421,30
315011402,Torres Strait Islands,Queensland,QLD,4124,27
315011403,Weipa,Queensland,QLD,4097,30
315021404,Carpentaria,Queensland,QLD,4921,30
315021405,Mount Isa,Queensland,QLD,18317,31
315021406,Mount Isa Surrounds,Queensland,QLD,4044,34
315021407,Northern Highlands,Queensland,QLD,3095,38
315031408,Barcaldine - Blackall,Queensland,QLD,4749,45
315031409,Charleville,Queensland,QLD,3971,43
315031410,Far Central West,Queensland,QLD,2156,41
315031411,Far South West,Queensland,QLD,2713,42
315031412,Longreach,Queensland,QLD,3647,40
316011413,Buderim - North,Queensland,QLD,17960,49
316011414,Buderim - South,Queensland,QLD,17501,42
316011415,Mountain Creek,Queensland,QLD,11950,37
316011416,Sippy Downs,Queensland,QLD,11544,33
316021417,Aroona - Currimundi,Queensland,QLD,10043,44
316021418,Buddina - Minyama,Queensland,QLD,6956,47
316021419,Caloundra - Kings Beach,Queensland,QLD,6973,56
316021421,Golden Beach - Pelican Waters,Queensland,QLD,13035,55
316021422,Moffat Beach - Battery Hill,Queensland,QLD,8130,48
316021423,Parrearra - Warana,Queensland,QLD,10392,46
316021424,Wurtulla - Birtinya,Queensland,QLD,10671,39
316021580,Caloundra West - Baringa,Queensland,QLD,15707,33
316021581,Meridan Plains - Little Mountain (North),Queensland,QLD,14397,42
316031425,Coolum Beach,Queensland,QLD,15948,44
316031426,Marcoola - Mudjimba,Queensland,QLD,11961,49
316031427,Maroochydore - Kuluin,Queensland,QLD,23327,46
316031428,Mooloolaba - Alexandra Headland,Queensland,QLD,12443,45
316051434,Noosa Heads,Queensland,QLD,5120,54
316051435,Noosaville,Queensland,QLD,9344,56
316051437,Sunshine Beach,Queensland,QLD,6851,46
316051438,Tewantin,Queensland,QLD,10538,51
316051543,Peregian Beach - Marcus Beach,Queensland,QLD,4107,46
316051544,Peregian Springs,Queensland,QLD,10694,38
316061439,Beerwah,Queensland,QLD,9255,40
316061440,Caloundra Hinterland,Queensland,QLD,9110,56
316061441,Glass House Mountains,Queensland,QLD,6552,42
316061442,Landsborough,Queensland,QLD,15652,36
316061443,Maroochy Hinterland,Queensland,QLD,6830,52
316061444,Palmwoods,Queensland,QLD,11643,45
316071545,Bli Bli,Queensland,QLD,10750,41
316071546,Diddillibah - Rosemount,Queensland,QLD,4403,46
316071547,Eumundi - Yandina,Queensland,QLD,12348,43
316071548,Nambour,Queensland,QLD,22492,40
316081549,Noosa Hinterland,Queensland,QLD,24207,49
317011445,Cambooya - Wyreema,Queensland,QLD,7899,34
317011446,Darling Heights,Queensland,QLD,14576,33
317011447,Drayton - Harristown,Queensland,QLD,10823,37
317011448,Gatton,Queensland,QLD,7951,33
317011449,Gowrie (Qld),Queensland,QLD,7059,35
317011450,Highfields,Queensland,QLD,14582,42
317011451,Lockyer Valley - West,Queensland,QLD,11943,41
317011452,Middle Ridge,Queensland,QLD,7595,43
317011453,Newtown (Qld),Queensland,QLD,10039,35
317011454,North Toowoomba - Harlaxton,Queensland,QLD,6426,34
317011455,Rangeville,Queensland,QLD,8668,44
317011456,Toowoomba - Central,Queensland,QLD,13987,37
317011457,Toowoomba - East,Queensland,QLD,10533,40
317011458,Toowoomba - West,Queensland,QLD,15848,34
317011459,Wilsonton,Queensland,QLD,14112,42
318011460,Ayr,Queensland,QLD,8987,44
318011461,Burdekin,Queensland,QLD,7658,47
318011462,Charters Towers,Queensland,QLD,8040,40
318011463,Dalrymple,Queensland,QLD,3754,45
318011464,Ingham,Queensland,QLD,4455,49
318011465,Ingham Surrounds,Queensland,QLD,6462,53
318011466,Palm Island,Queensland,QLD,2098,26
318021467,Aitkenvale,Queensland,QLD,4797,36
318021468,Annandale (Qld),Queensland,QLD,10116,31
318021469,Belgian Gardens - Pallarenda,Queensland,QLD,3192,45
318021470,Bohle Plains,Queensland,QLD,8515,32
318021471,Condon - Rasmussen,Queensland,QLD,10799,36
318021472,Cranbrook,Queensland,QLD,5844,40
318021474,Douglas,Queensland,QLD,7868,26
318021475,Garbutt - West End,Queensland,QLD,6273,40
318021476,Gulliver - Currajong - Vincent,Queensland,QLD,7586,37
318021477,Heatley,Queensland,QLD,3907,40
318021478,Hermit Park - Rosslea,Queensland,QLD,5415,35
318021479,Hyde Park - Pimlico,Queensland,QLD,4728,39
318021480,Kelso,Queensland,QLD,10683,34
318021481,Kirwan - East,Queensland,QLD,7693,39
318021482,Kirwan - West,Queensland,QLD,14944,37
318021483,Magnetic Island,Queensland,QLD,2475,58
318021484,Mount Louisa,Queensland,QLD,10110,34
318021485,Mundingburra,Queensland,QLD,3594,43
318021486,Northern Beaches,Queensland,QLD,6566,45
318021487,Oonoonba,Queensland,QLD,7033,32
318021488,South Townsville - Railway Estate,Queensland,QLD,5296,39
318021489,Townsville - South,Queensland,QLD,4767,45
318021490,Townsville City - North Ward,Queensland,QLD,9116,40
318021491,Wulguru - Roseneath,Queensland,QLD,6091,39
318021582,Burdell - Mount Low,Queensland,QLD,19337,30
318021583,Deeragun - Jensen,Queensland,QLD,6074,33
319011492,Ashfield - Kepnock,Queensland,QLD,5659,40
319011493,Bargara - Burnett Heads,Queensland,QLD,19008,51
319011494,Branyan - Kensington,Queensland,QLD,5384,39
319011495,Bundaberg,Queensland,QLD,6247,38
319011496,Bundaberg East - Kalkie,Queensland,QLD,5804,41
319011497,Bundaberg North - Gooburrum,Queensland,QLD,7448,49
319011498,Bundaberg Surrounds - North,Queensland,QLD,9276,49
319011499,Bundaberg Surrounds - South,Queensland,QLD,10778,53
319011500,Millbank - Avoca,Queensland,QLD,7406,48
319011501,Svensson Heights - Norville,Queensland,QLD,5809,44
319011502,Walkervale - Avenell Heights,Queensland,QLD,10982,42
319021503,Gayndah - Mundubbera,Queensland,QLD,6395,48
319021504,Gin Gin,Queensland,QLD,5402,52
319021505,Kingaroy,Queensland,QLD,10545,38
319021506,Kingaroy Surrounds - North,Queensland,QLD,9490,47
319021507,Kingaroy Surrounds - South,Queensland,QLD,4157,46
319021508,Monto - Eidsvold,Queensland,QLD,3673,51
319021509,Nanango,Queensland,QLD,10003,54
319021510,North Burnett,Queensland,QLD,17,41
319031511,Cooloola,Queensland,QLD,6568,62
319031512,Gympie - North,Queensland,QLD,14866,42
319031513,Gympie - South,Queensland,QLD,7561,44
319031514,Gympie Surrounds,Queensland,QLD,20359,48
319031515,Kilkivan,Queensland,QLD,3788,50
319041516,Booral - River Heads,Queensland,QLD,5775,49
319041517,Craignish - Dundowran Beach,Queensland,QLD,5574,48
319041518,Pialba - Eli Waters,Queensland,QLD,15856,52
319041519,Point Vernon,Queensland,QLD,5718,52
319041520,Torquay - Scarness - Kawungan,Queensland,QLD,15786,52
319041521,Urangan - Wondunna,Queensland,QLD,14781,51
319051522,Burrum - Fraser,Queensland,QLD,10594,55
319051523,Granville,Queensland,QLD,3051,48
319051524,Maryborough (Qld),Queensland,QLD,18558,47
319051525,Maryborough Surrounds - South,Queensland,QLD,9548,55
319051526,Tinana,Queensland,QLD,5872,49
401011001,Adelaide,South Australia,SA,18202,31
401011002,North Adelaide,South Australia,SA,6823,39
401021003,Adelaide Hills,South Australia,SA,7051,47
401021004,Aldgate - Stirling,South Australia,SA,18208,44
401021005,Hahndorf - Echunga,South Australia,SA,4726,48
401021006,Lobethal - Woodside,South Australia,SA,9448,44
401021007,Mount Barker,South Australia,SA,22113,37
401021008,Mount Barker Surrounds,South Australia,SA,6825,43
401021009,Nairne,South Australia,SA,5327,36
401021010,Uraidla - Summertown,South Australia,SA,6042,43
401031011,Burnside - Wattle Park,South Australia,SA,19066,44
401031012,Beaumont - Glen Osmond,South Australia,SA,10328,43
401031013,Toorak Gardens,South Australia,SA,16635,44
401041014,Athelstone,South Australia,SA,9601,43
401041015,Paradise - Newton,South Australia,SA,21601,40
401041016,Rostrevor - Magill,South Australia,SA,23968,40
401051017,Norwood (SA),South Australia,SA,10849,40
401051018,Payneham - Felixstow,South Australia,SA,13122,41
401051019,St Peters - Marden,South Australia,SA,13515,41
401061020,Nailsworth - Broadview,South Australia,SA,6484,38
401061021,Prospect,South Australia,SA,15785,37
401061022,Walkerville,South Australia,SA,8023,45
401071023,Goodwood - Millswood,South Australia,SA,17650,42
401071024,Unley - Parkside,South Australia,SA,20998,44
402011025,Gawler - North,South Australia,SA,9545,40
402011026,Gawler - South,South Australia,SA,21662,42
402011027,Lewiston - Two Wells,South Australia,SA,6505,38
402021028,Craigmore - Blakeview,South Australia,SA,19920,34
402021029,Davoren Park,South Australia,SA,18313,30
402021030,Elizabeth,South Australia,SA,10829,36
402021031,Elizabeth East,South Australia,SA,14047,36
402021032,Munno Para West - Angle Vale,South Australia,SA,16215,29
402021033,One Tree Hill,South Australia,SA,2473,47
402021034,Smithfield - Elizabeth North,South Australia,SA,12446,35
402021035,Virginia - Waterloo Corner,South Australia,SA,5693,38
402031036,Enfield - Blair Athol,South Australia,SA,25578,34
402031038,Windsor Gardens,South Australia,SA,22587,35
402031175,Northgate - Northfield,South Australia,SA,18188,35
402031176,Valley View - Gilles Plains,South Australia,SA,10504,38
402041039,Dry Creek - North,South Australia,SA,0,0
402041040,Ingle Farm,South Australia,SA,15681,40
402041041,Para Hills,South Australia,SA,15094,38
402041042,Parafield,South Australia,SA,21,22
402041043,Parafield Gardens,South Australia,SA,18467,36
402041044,Paralowie,South Australia,SA,17816,35
402041046,Salisbury,South Australia,SA,18594,37
402041047,Salisbury East,South Australia,SA,18454,40
402041048,Salisbury North,South Australia,SA,18487,34
402041171,Mawson Lakes - Globe Derby Park,South Australia,SA,13855,33
402041172,Pooraka - Cavan,South Australia,SA,8080,38
402051049,Golden Grove,South Australia,SA,10406,44
402051050,Greenwith,South Australia,SA,9017,40
402051051,Highbury - Dernancourt,South Australia,SA,11048,42
402051052,Hope Valley - Modbury,South Australia,SA,17496,41
402051053,Modbury Heights,South Australia,SA,19248,41
402051054,Redwood Park,South Australia,SA,16276,40
402051055,St Agnes - Ridgehaven,South Australia,SA,13161,43
403011056,Brighton (SA),South Australia,SA,15191,48
403011057,Glenelg (SA),South Australia,SA,20522,48
403021058,Edwardstown,South Australia,SA,14563,36
403021059,Hallett Cove,South Australia,SA,12609,43
403021060,Marino - Seaview Downs,South Australia,SA,9703,43
403021061,Mitchell Park,South Australia,SA,16516,37
403021062,Morphettville,South Australia,SA,16531,39
403021063,Sheidow Park - Trott Park,South Australia,SA,10211,38
403021064,Warradale,South Australia,SA,16190,39
403031065,Belair,South Australia,SA,4896,47
403031066,Bellevue Heights,South Australia,SA,7608,40
403031067,Blackwood,South Australia,SA,12963,43
403031068,Colonel Light Gardens,South Australia,SA,15842,40
403031069,Mitcham (SA),South Australia,SA,16506,44
403031070,Panorama,South Australia,SA,8475,41
403041071,Aberfoyle Park,South Australia,SA,11911,43
403041072,Aldinga,South Australia,SA,15923,40
403041073,Christie Downs,South Australia,SA,9475,40
403041074,Christies Beach,South Australia,SA,11050,42
403041075,Clarendon,South Australia,SA,2729,48
403041076,Coromandel Valley,South Australia,SA,4469,41
403041077,Flagstaff Hill,South Australia,SA,10784,42
403041078,Hackham - Onkaparinga Hills,South Australia,SA,6875,41
403041079,Hackham West - Huntfield Heights,South Australia,SA,7818,38
403041080,Happy Valley,South Australia,SA,13864,42
403041081,Happy Valley Reservoir,South Australia,SA,0,67
403041082,Lonsdale,South Australia,SA,23,48
403041083,McLaren Vale,South Australia,SA,7344,45
403041084,Morphett Vale - East,South Australia,SA,13863,42
403041085,Morphett Vale - West,South Australia,SA,10138,39
403041086,Reynella,South Australia,SA,10286,40
403041088,Willunga,South Australia,SA,3604,48
403041089,Woodcroft,South Australia,SA,11552,42
403041177,Seaford - Seaford Meadows,South Australia,SA,14177,37
403041178,Seaford Rise - Moana,South Australia,SA,10629,40
404011090,Beverley,South Australia,SA,8897,36
404011091,Flinders Park,South Australia,SA,16361,39
404011092,Henley Beach,South Australia,SA,15634,44
404011093,Hindmarsh - Brompton,South Australia,SA,19076,37
404011094,Royal Park - Hendon - Albert Park,South Australia,SA,6499,38
404011095,Seaton - Grange,South Australia,SA,17501,43
404011096,West Lakes,South Australia,SA,15205,51
404011097,Woodville - Cheltenham,South Australia,SA,19269,37
404021098,Dry Creek - South,South Australia,SA,0,0
404021099,Largs Bay - Semaphore,South Australia,SA,14807,45
404021100,North Haven,South Australia,SA,14800,44
404021101,Port Adelaide,South Australia,SA,11589,41
404021102,The Parks,South Australia,SA,19645,36
404021103,Torrens Island,South Australia,SA,4,64
404031104,Adelaide Airport,South Australia,SA,4,51
404031105,Fulham,South Australia,SA,2920,44
404031106,Lockleys,South Australia,SA,13452,40
404031107,Plympton,South Australia,SA,26480,36
404031108,Richmond (SA),South Australia,SA,17022,37
404031109,West Beach,South Australia,SA,5175,45
405011110,Barossa - Angaston,South Australia,SA,6486,46
405011111,Light,South Australia,SA,9797,40
405011112,Lyndoch,South Australia,SA,6544,43
405011113,Mallala,South Australia,SA,3335,43
405011114,Nuriootpa,South Australia,SA,7157,45
405011115,Tanunda,South Australia,SA,4666,48
405021116,Clare,South Australia,SA,4096,45
405021117,Gilbert Valley,South Australia,SA,5016,51
405021118,Goyder,South Australia,SA,4079,51
405021119,Wakefield - Barunga West,South Australia,SA,9500,48
405031120,Jamestown,South Australia,SA,4596,49
405031121,Peterborough - Mount Remarkable,South Australia,SA,5341,55
405031122,Port Pirie,South Australia,SA,13896,43
405031123,Port Pirie Surrounds,South Australia,SA,3335,47
405041124,Kadina,South Australia,SA,5414,45
405041125,Moonta,South Australia,SA,5217,59
405041126,Wallaroo,South Australia,SA,4426,56
405041127,Yorke Peninsula - North,South Australia,SA,7458,57
405041128,Yorke Peninsula - South,South Australia,SA,4142,58
406011129,Ceduna,South Australia,SA,2697,39
406011130,Eyre Peninsula,South Australia,SA,6824,49
406011131,Kimba - Cleve - Franklin Harbour,South Australia,SA,4201,48
406011132,Le Hunte - Elliston,South Australia,SA,2122,44
406011133,Port Lincoln,South Australia,SA,16307,41
406011134,West Coast (SA),South Australia,SA,3646,45
406011135,Western,South Australia,SA,136,38
406011136,Whyalla,South Australia,SA,21154,41
406011137,Whyalla - North,South Australia,SA,0,0
406021138,APY Lands,South Australia,SA,2333,28
406021139,Coober Pedy,South Australia,SA,1566,50
406021140,Quorn - Lake Gilles,South Australia,SA,2142,54
406021141,Outback,South Australia,SA,2030,43
406021142,Port Augusta,South Australia,SA,13515,38
406021143,Roxby Downs,South Australia,SA,3976,31
407011144,Goolwa - Port Elliot,South Australia,SA,12516,61
407011145,Kangaroo Island,South Australia,SA,4894,50
407011146,Strathalbyn,South Australia,SA,7871,47
407011147,Strathalbyn Surrounds,South Australia,SA,7969,47
407011148,Victor Harbor,South Australia,SA,15847,60
407011149,Yankalilla,South Australia,SA,6498,56
407021150,Grant,South Australia,SA,6138,45
407021151,Kingston - Robe,South Australia,SA,3872,53
407021152,Millicent,South Australia,SA,5245,49
407021154,Naracoorte,South Australia,SA,6293,40
407021155,Naracoorte Surrounds,South Australia,SA,2395,44
407021156,Penola,South Australia,SA,3107,47
407021157,Tatiara,South Australia,SA,6891,41
407021158,Wattle Range,South Australia,SA,3470,49
407021173,Mount Gambier - East,South Australia,SA,14947,41
407021174,Mount Gambier - West,South Australia,SA,14499,41
407031159,Barmera,South Australia,SA,6401,48
407031160,Berri,South Australia,SA,4143,42
407031161,Karoonda - Lameroo,South Australia,SA,2921,46
407031162,Loxton,South Australia,SA,5575,46
407031163,Loxton Surrounds,South Australia,SA,1742,49
407031164,Mannum,South Australia,SA,6594,55
407031165,Murray Bridge,South Australia,SA,18243,42
407031166,Murray Bridge Surrounds,South Australia,SA,3732,47
407031167,Renmark,South Australia,SA,4705,44
407031168,Renmark Surrounds,South Australia,SA,5080,44
407031169,The Coorong,South Australia,SA,5473,48
407031170,Waikerie,South Australia,SA,6646,50
501011001,Augusta,Western Australia,WA,6595,46
501011003,Busselton Surrounds,Western Australia,WA,11900,43
501011004,Margaret River,Western Australia,WA,10193,40
501011293,Busselton - East,Western Australia,WA,9359,46
501011294,Busselton - West,Western Australia,WA,19292,45
501021005,Australind - Leschenault,Western Australia,WA,19256,38
501021007,Capel,Western Australia,WA,5457,45
501021008,College Grove - Carey Park,Western Australia,WA,6976,39
501021009,Collie,Western Australia,WA,8812,44
501021010,Dardanup,Western Australia,WA,3286,46
501021011,Davenport,Western Australia,WA,8,53
501021012,Eaton - Pelican Point,Western Australia,WA,12327,39
501021014,Harvey,Western Australia,WA,9309,44
501021015,East Bunbury - Glen Iris,Western Australia,WA,7195,41
501021016,Waroona,Western Australia,WA,4234,48
501021251,Dalyellup,Western Australia,WA,9770,34
501021252,Gelorup - Stratham,Western Australia,WA,3042,46
501021253,South Bunbury - Bunbury,Western Australia,WA,12760,46
501021254,Withers - Usher,Western Australia,WA,5119,39
501031017,Bridgetown - Boyup Brook,Western Australia,WA,7068,50
501031018,Donnybrook - Balingup,Western Australia,WA,6155,49
501031019,Manjimup,Western Australia,WA,5447,43
501031020,Pemberton,Western Australia,WA,5198,53
502011021,Dawesville - Bouvard,Western Australia,WA,8498,45
502011022,Falcon - Wannanup,Western Australia,WA,9664,49
502011023,Greenfields,Western Australia,WA,9869,47
502011024,Halls Head - Erskine,Western Australia,WA,19905,49
502011025,Mandurah,Western Australia,WA,10256,49
502011026,Mandurah - East,Western Australia,WA,6599,49
502011027,Mandurah - North,Western Australia,WA,21261,36
502011028,Mandurah - South,Western Australia,WA,11323,51
502011029,Pinjarra,Western Australia,WA,10263,42
503011030,City Beach,Western Australia,WA,6805,47
503011031,Claremont (WA),Western Australia,WA,9248,44
503011032,Cottesloe,Western Australia,WA,7750,44
503011033,Floreat,Western Australia,WA,8621,42
503011034,Mosman Park - Peppermint Grove,Western Australia,WA,10764,42
503011035,Nedlands - Dalkeith - Crawley,Western Australia,WA,18936,37
503011036,Swanbourne - Mount Claremont,Western Australia,WA,9612,42
503021037,Kings Park (WA),Western Australia,WA,48,61
503021038,Mount Hawthorn - Leederville,Western Australia,WA,11872,37
503021039,Mount Lawley - Inglewood,Western Australia,WA,16934,38
503021040,North Perth,Western Australia,WA,9707,38
503021042,Subiaco - Shenton Park,Western Australia,WA,17527,41
503021043,Wembley - West Leederville - Glendalough,Western Australia,WA,19102,36
503021295,East Perth,Western Australia,WA,11798,35
503021296,Perth (North) - Highgate,Western Australia,WA,11414,33
503021297,Perth (West) - Northbridge,Western Australia,WA,12119,33
504011044,Bassendean - Eden Hill - Ashfield,Western Australia,WA,15932,40
504011045,Bayswater - Embleton - Bedford,Western Australia,WA,24523,39
504011046,Maylands,Western Australia,WA,13294,36
504011047,Morley,Western Australia,WA,22714,39
504011048,Noranda,Western Australia,WA,8002,45
504021049,Chidlow,Western Australia,WA,4633,39
504021050,Glen Forrest - Darlington,Western Australia,WA,7223,45
504021051,Helena Valley - Koongamia,Western Australia,WA,5780,41
504021052,Malmalling - Reservoir,Western Australia,WA,10,62
504021053,Mundaring,Western Australia,WA,13305,44
504021054,Swan View - Greenmount - Midvale,Western Australia,WA,12838,42
504031055,Avon Valley National Park,Western Australia,WA,5,39
504031056,Ballajura,Western Australia,WA,18505,37
504031057,Beechboro,Western Australia,WA,21348,34
504031058,Bullsbrook,Western Australia,WA,5605,38
504031060,Gidgegannup,Western Australia,WA,2818,47
504031061,Hazelmere - Guildford,Western Australia,WA,5408,37
504031062,Lockridge - Kiara,Western Australia,WA,12518,35
504031063,Malaga,Western Australia,WA,25,43
504031064,Melaleuca - Lexia,Western Australia,WA,0,70
504031065,Middle Swan - Herne Hill,Western Australia,WA,5678,41
504031066,Midland - Guildford,Western Australia,WA,11087,40
504031067,Stratton - Jane Brook,Western Australia,WA,7019,36
504031068,The Vines,Western Australia,WA,12457,36
504031069,Walyunga National Park,Western Australia,WA,0,84
504031298,Aveley,Western Australia,WA,15680,31
504031299,Brabham - Henley Brook,Western Australia,WA,11164,31
504031300,Ellenbrook,Western Australia,WA,19011,33
505011070,Craigie - Beldon,Western Australia,WA,10556,36
505011071,Currambine - Kinross,Western Australia,WA,13819,39
505011072,Duncraig,Western Australia,WA,15982,42
505011073,Greenwood - Warwick,Western Australia,WA,13723,40
505011074,Heathridge - Connolly,Western Australia,WA,10572,39
505011075,Hillarys,Western Australia,WA,11200,44
505011076,Iluka - Burns Beach,Western Australia,WA,9737,43
505011077,Joondalup - Edgewater,Western Australia,WA,13845,40
505011078,Kingsley,Western Australia,WA,13204,44
505011079,Mullaloo - Kallaroo,Western Australia,WA,11493,43
505011080,Ocean Reef,Western Australia,WA,8125,44
505011081,Padbury,Western Australia,WA,8626,38
505011082,Sorrento - Marmion,Western Australia,WA,10193,47
505011083,Woodvale,Western Australia,WA,9579,43
505021084,Balcatta - Hamersley,Western Australia,WA,16025,39
505021085,Balga - Mirrabooka,Western Australia,WA,21032,33
505021087,Herdsman,Western Australia,WA,0,39
505021088,Innaloo - Doubleview,Western Australia,WA,18468,36
505021089,Karrinyup - Gwelup - Carine,Western Australia,WA,22602,42
505021090,Nollamara - Westminster,Western Australia,WA,19818,34
505021091,Osborne Park Industrial,Western Australia,WA,219,29
505021092,Scarborough,Western Australia,WA,17552,36
505021093,Stirling - Osborne Park,Western Australia,WA,14620,38
505021094,Trigg - North Beach - Watermans Bay,Western Australia,WA,7965,45
505021095,Tuart Hill - Joondanna,Western Australia,WA,12820,36
505021096,Wembley Downs - Churchlands - Woodlands,Western Australia,WA,15044,42
505021097,Yokine - Coolbinia - Menora,Western Australia,WA,17066,40
505021301,Dianella - North,Western Australia,WA,11927,45
505021302,Dianella - South,Western Australia,WA,12985,41
505031098,Alexander Heights - Koondoola,Western Australia,WA,11687,38
505031099,Butler - Merriwa - Ridgewood,Western Australia,WA,23679,34
505031100,Carramar,Western Australia,WA,18641,32
505031101,Clarkson,Western Australia,WA,13904,34
505031102,Girrawheen,Western Australia,WA,8897,36
505031104,Marangaroo,Western Australia,WA,10483,39
505031105,Mindarie - Quinns Rocks - Jindalee,Western Australia,WA,20764,40
505031106,Neerabup National Park,Western Australia,WA,6,29
505031107,Tapping - Ashby - Sinagra,Western Australia,WA,13569,37
505031255,Alkimos - Eglinton,Western Australia,WA,13904,30
505031256,Carabooda - Pinjar,Western Australia,WA,723,45
505031257,Two Rocks,Western Australia,WA,3822,39
505031258,Yanchep,Western Australia,WA,11009,35
505031303,Hocking - Pearsall,Western Australia,WA,13139,36
505031304,Landsdale,Western Australia,WA,15401,33
505031305,Madeley - Darch,Western Australia,WA,14199,37
505031306,Wanneroo - Sinagra,Western Australia,WA,14678,38
506011110,Armadale - Wungong - Brookdale,Western Australia,WA,23166,33
506011111,Ashendon - Lesley,Western Australia,WA,3,46
506011112,Camillo - Champion Lakes,Western Australia,WA,5793,38
506011114,Kelmscott,Western Australia,WA,10604,40
506011115,Mount Nasura - Mount Richon - Bedfordale,Western Australia,WA,8241,45
506011116,Roleystone,Western Australia,WA,7243,44
506011117,Seville Grove,Western Australia,WA,11409,31
506011307,Harrisdale,Western Australia,WA,11667,33
506011308,Piara Waters - Forrestdale,Western Australia,WA,16049,31
506021118,Belmont - Ascot - Redcliffe,Western Australia,WA,15082,38
506021119,East Victoria Park - Carlisle,Western Australia,WA,17245,35
506021120,Kewdale Commercial,Western Australia,WA,0,43
506021121,Perth Airport,Western Australia,WA,20,38
506021123,Victoria Park - Lathlain - Burswood,Western Australia,WA,15816,36
506021309,Cloverdale,Western Australia,WA,8864,34
506021310,Kewdale,Western Australia,WA,7394,36
506021311,Rivervale,Western Australia,WA,10897,34
506031124,Bentley - Wilson - St James,Western Australia,WA,20612,33
506031125,Canning Vale - West,Western Australia,WA,10078,41
506031126,Canning Vale Commercial,Western Australia,WA,3,60
506031127,Cannington - Queens Park,Western Australia,WA,20655,31
506031128,Parkwood - Ferndale - Lynwood,Western Australia,WA,13992,40
506031129,Riverton - Shelley - Rossmoyne,Western Australia,WA,14518,42
506031130,Welshpool,Western Australia,WA,16,53
506031131,Willetton,Western Australia,WA,19262,40
506041132,Beckenham - Kenwick - Langford,Western Australia,WA,20280,35
506041133,Canning Vale - East,Western Australia,WA,24415,36
506041134,Gosnells,Western Australia,WA,21146,38
506041135,Huntingdale - Southern River,Western Australia,WA,21869,34
506041136,Maddington - Orange Grove - Martin,Western Australia,WA,15005,36
506041137,Thornlie,Western Australia,WA,23665,38
506051138,Forrestfield - Wattle Grove,Western Australia,WA,19729,36
506051139,High Wycombe,Western Australia,WA,12198,38
506051140,Kalamunda - Maida Vale - Gooseberry Hill,Western Australia,WA,15136,47
506051141,Lesmurdie - Bickley - Carmel,Western Australia,WA,11698,44
506061142,Byford,Western Australia,WA,20471,31
506061143,Mundijong,Western Australia,WA,7165,39
506061144,Serpentine - Jarrahdale,Western Australia,WA,4607,45
506071145,Como,Western Australia,WA,14575,38
506071146,Manning - Waterford,Western Australia,WA,11653,40
506071147,South Perth - Kensington,Western Australia,WA,17226,40
507011148,Banjup,Western Australia,WA,21746,34
507011150,Bibra Industrial,Western Australia,WA,21,63
507011151,Bibra Lake,Western Australia,WA,0,0
507011152,Coogee,Western Australia,WA,9816,42
507011153,Coolbellup,Western Australia,WA,8503,39
507011154,Hamilton Hill,Western Australia,WA,11327,39
507011155,Henderson,Western Australia,WA,10,53
507011158,North Coogee,Western Australia,WA,3741,46
507011159,South Lake - Cockburn Central,Western Australia,WA,11723,37
507011160,Spearwood,Western Australia,WA,11268,41
507011161,Success - Hammond Park,Western Australia,WA,17454,33
507011163,Yangebup,Western Australia,WA,7631,37
507011259,Beeliar - Wattleup,Western Australia,WA,10128,34
507011260,Jandakot,Western Australia,WA,2446,45
507021164,East Fremantle,Western Australia,WA,7819,44
507021165,Fremantle,Western Australia,WA,16720,43
507021166,Fremantle - South,Western Australia,WA,15372,42
507021167,O'Connor (WA),Western Australia,WA,5,50
507031169,Wellard (West) - Bertram,Western Australia,WA,17953,31
507031170,Calista,Western Australia,WA,7434,39
507031172,Hope Valley - Postans,Western Australia,WA,75,52
507031173,Kwinana Industrial,Western Australia,WA,24,56
507031174,Parmelia - Orelia,Western Australia,WA,11286,37
507031261,Casuarina - Wandi,Western Australia,WA,9084,32
507041175,Applecross - Ardross,Western Australia,WA,11725,43
507041176,Bateman,Western Australia,WA,3832,41
507041177,Bicton - Palmyra,Western Australia,WA,14778,41
507041178,Booragoon,Western Australia,WA,15476,42
507041179,Bull Creek,Western Australia,WA,8030,44
507041180,Leeming,Western Australia,WA,10883,42
507041181,Melville,Western Australia,WA,17452,42
507041182,Murdoch - Kardinya,Western Australia,WA,12489,42
507041183,Willagee,Western Australia,WA,5447,37
507041184,Winthrop,Western Australia,WA,6020,45
507051186,Cooloongup,Western Australia,WA,8503,42
507051187,Port Kennedy,Western Australia,WA,13477,36
507051188,Rockingham,Western Australia,WA,16411,47
507051189,Rockingham Lakes,Western Australia,WA,3,77
507051190,Safety Bay - Shoalwater,Western Australia,WA,12039,46
507051191,Singleton - Golden Bay - Secret Harbour,Western Australia,WA,22178,33
507051192,Waikiki,Western Australia,WA,12539,39
507051193,Warnbro,Western Australia,WA,10741,38
507051312,Baldivis - North,Western Australia,WA,11651,31
507051313,Baldivis - South,Western Australia,WA,26046,32
507051314,Karnup,Western Australia,WA,2096,30
509011225,Albany,Western Australia,WA,14828,49
509011226,Albany Surrounds,Western Australia,WA,3707,45
509011227,Bayonet Head - Lower King,Western Australia,WA,5211,44
509011228,Denmark,Western Australia,WA,6310,50
509011229,Gnowangerup,Western Australia,WA,2862,39
509011230,Katanning,Western Australia,WA,4512,40
509011231,Kojonup,Western Australia,WA,4053,44
509011232,Little Grove - Elleker,Western Australia,WA,3679,48
509011233,McKail - Willyung,Western Australia,WA,11333,39
509011234,Plantagenet,Western Australia,WA,5388,48
509011235,Stirling Range National Park,Western Australia,WA,0,0
509021236,Chittering,Western Australia,WA,5930,44
509021237,Cunderdin,Western Australia,WA,3789,47
509021238,Dowerin,Western Australia,WA,3801,47
509021239,Gingin - Dandaragan,Western Australia,WA,8929,50
509021240,Merredin,Western Australia,WA,4893,43
509021241,Moora,Western Australia,WA,4471,43
509021242,Mukinbudin,Western Australia,WA,3005,47
509021243,Northam,Western Australia,WA,11358,43
509021244,Toodyay,Western Australia,WA,4601,54
509021245,York - Beverley,Western Australia,WA,5158,56
509031246,Brookton,Western Australia,WA,3504,50
509031247,Kulin,Western Australia,WA,4249,44
509031248,Murray,Western Australia,WA,2376,45
509031249,Narrogin,Western Australia,WA,4370,43
509031250,Wagin,Western Australia,WA,4859,48
510011262,Broome,Western Australia,WA,14660,34
510011263,Derby - West Kimberley,Western Australia,WA,7045,32
510011264,Halls Creek,Western Australia,WA,3603,29
510011265,Kununurra,Western Australia,WA,7477,33
510011266,Roebuck,Western Australia,WA,2310,31
510021267,East Pilbara,Western Australia,WA,5910,36
510021268,Newman,Western Australia,WA,4239,31
510021269,Port Hedland,Western Australia,WA,4253,34
510021270,South Hedland,Western Australia,WA,11046,32
510031271,Ashburton (WA),Western Australia,WA,7391,34
510031272,Karratha,Western Australia,WA,17013,32
510031273,Roebourne,Western Australia,WA,5187,34
511011274,Esperance,Western Australia,WA,12003,42
511011275,Esperance Surrounds,Western Australia,WA,3966,41
511021276,Carnarvon,Western Australia,WA,4879,41
511021277,Exmouth,Western Australia,WA,4659,37
511031278,Boulder,Western Australia,WA,7150,35
511031279,Kalgoorlie,Western Australia,WA,13213,34
511031280,Kalgoorlie - North,Western Australia,WA,8711,33
511031281,Kalgoorlie Airport,Western Australia,WA,0,0
511031282,Kambalda - Coolgardie - Norseman,Western Australia,WA,4389,39
511031283,Leinster - Leonora,Western Australia,WA,4804,35
511031284,Trafalgar (WA),Western Australia,WA,0,0
511041285,Geraldton,Western Australia,WA,11888,46
511041286,Geraldton - East,Western Australia,WA,7824,37
511041287,Geraldton - North,Western Australia,WA,8546,36
511041288,Geraldton - South,Western Australia,WA,10333,38
511041289,Irwin,Western Australia,WA,3680,53
511041290,Meekatharra,Western Australia,WA,3153,38
511041291,Morawa,Western Australia,WA,3876,47
511041292,Northampton - Mullewa - Greenough,Western Australia,WA,5679,50
601011001,Bridgewater - Gagebrook,Tasmania,TAS,8150,31
601011002,Brighton - Pontville,Tasmania,TAS,6449,35
601011003,Old Beach - Otago,Tasmania,TAS,4989,41
601021004,Bellerive - Rosny,Tasmania,TAS,6522,44
601021005,Cambridge,Tasmania,TAS,8573,43
601021006,Geilston Bay - Risdon,Tasmania,TAS,3452,41
601021007,Howrah - Tranmere,Tasmania,TAS,11627,43
601021008,Lindisfarne - Rose Bay,Tasmania,TAS,7830,47
601021009,Mornington - Warrane,Tasmania,TAS,5168,36
601021010,Risdon Vale,Tasmania,TAS,3501,35
601021011,Rokeby,Tasmania,TAS,7874,31
601021012,South Arm,Tasmania,TAS,4616,45
601031013,Austins Ferry - Granton,Tasmania,TAS,4297,40
601031014,Berriedale - Chigwell,Tasmania,TAS,5748,38
601031015,Claremont (Tas.),Tasmania,TAS,8397,38
601031016,Derwent Park - Lutana,Tasmania,TAS,4709,35
601031017,Glenorchy,Tasmania,TAS,12287,35
601031018,Montrose - Rosetta,Tasmania,TAS,5142,41
601031019,Moonah,Tasmania,TAS,5737,35
601031020,New Norfolk,Tasmania,TAS,7293,40
601031021,West Moonah,Tasmania,TAS,4398,34
601041022,Kingston - Huntingfield,Tasmania,TAS,13473,36
601041023,Kingston Beach - Blackmans Bay,Tasmania,TAS,11051,43
601041024,Margate - Snug,Tasmania,TAS,8482,39
601041025,Mount Wellington,Tasmania,TAS,0,0
601041026,Taroona - Bonnet Hill,Tasmania,TAS,3637,47
601051027,Hobart,Tasmania,TAS,9025,34
601051028,Lenah Valley - Mount Stuart,Tasmania,TAS,9033,38
601051029,Mount Nelson - Dynnyrne,Tasmania,TAS,5053,37
601051030,New Town,Tasmania,TAS,6606,38
601051031,Sandy Bay,Tasmania,TAS,12326,39
601051032,South Hobart - Fern Tree,Tasmania,TAS,6727,39
601051033,West Hobart,Tasmania,TAS,6397,38
601061034,Dodges Ferry - Lewisham,Tasmania,TAS,8521,43
601061035,Sorell - Richmond,Tasmania,TAS,9993,42
602011036,Invermay,Tasmania,TAS,3498,33
602011037,Kings Meadows - Punchbowl,Tasmania,TAS,4941,38
602011038,Launceston,Tasmania,TAS,5421,41
602011039,Legana,Tasmania,TAS,4769,41
602011040,Mowbray,Tasmania,TAS,4048,32
602011041,Newnham - Mayfield,Tasmania,TAS,9628,34
602011042,Newstead,Tasmania,TAS,5449,43
602011043,Norwood (Tas.),Tasmania,TAS,4031,47
602011044,Prospect Vale - Blackstone,Tasmania,TAS,6777,46
602011045,Ravenswood,Tasmania,TAS,3804,36
602011046,Riverside,Tasmania,TAS,7275,40
602011047,South Launceston,Tasmania,TAS,4846,36
602011048,Summerhill - Prospect,Tasmania,TAS,4958,40
602011049,Trevallyn,Tasmania,TAS,4826,40
602011050,Waverley - St Leonards,Tasmania,TAS,3932,37
602011051,West Launceston,Tasmania,TAS,4215,42
602011052,Youngtown - Relbia,Tasmania,TAS,4921,42
602021053,Beauty Point - Beaconsfield,Tasmania,TAS,4045,55
602021054,Deloraine,Tasmania,TAS,6114,48
602021055,Grindelwald - Lanena,Tasmania,TAS,6136,50
602021056,Hadspen - Carrick,Tasmania,TAS,3605,39
602021057,Westbury,Tasmania,TAS,4351,47
602031058,Dilston - Lilydale,Tasmania,TAS,4354,46
602031059,George Town,Tasmania,TAS,7118,48
602031060,Longford,Tasmania,TAS,4428,47
602031061,Northern Midlands,Tasmania,TAS,3700,47
602031062,Perth - Evandale,Tasmania,TAS,5482,45
602031064,St Helens - Scamander,Tasmania,TAS,6756,56
602031099,Flinders and Cape Barren Islands,Tasmania,TAS,922,57
602031100,Scottsdale - Bridport,Tasmania,TAS,6835,48
603011065,Central Highlands,Tasmania,TAS,2427,50
603011066,Derwent Valley,Tasmania,TAS,3324,44
603011067,Southern Midlands,Tasmania,TAS,6675,44
603011068,Wilderness - East,Tasmania,TAS,8,49
603021069,Bruny Island - Kettering,Tasmania,TAS,3447,54
603021070,Cygnet,Tasmania,TAS,4802,49
603021071,Geeveston - Dover,Tasmania,TAS,4051,50
603021072,Huonville - Franklin,Tasmania,TAS,9405,42
603031073,Forestier - Tasman,Tasmania,TAS,2593,57
603031074,Triabunna - Bicheno,Tasmania,TAS,4988,57
604011075,Acton - Upper Burnie,Tasmania,TAS,3270,38
604011076,Burnie - Ulverstone Surrounds,Tasmania,TAS,5175,45
604011077,Burnie - Wivenhoe,Tasmania,TAS,3779,40
604011078,Parklands - Camdale,Tasmania,TAS,6777,41
604011079,Penguin - Sulphur Creek,Tasmania,TAS,5417,47
604011080,Romaine - Havenview,Tasmania,TAS,3535,39
604011081,Somerset,Tasmania,TAS,4067,48
604011082,Ulverstone,Tasmania,TAS,7088,49
604011083,West Ulverstone,Tasmania,TAS,4515,48
604011084,Wynyard,Tasmania,TAS,6388,49
604021085,Devonport,Tasmania,TAS,14481,43
604021086,East Devonport,Tasmania,TAS,5075,44
604021087,Latrobe,Tasmania,TAS,5385,44
604021088,Miandetta - Don,Tasmania,TAS,3661,41
604021089,Port Sorell,Tasmania,TAS,6472,52
604021090,Quoiba - Spreyton,Tasmania,TAS,3116,43
604021091,Sheffield - Railton,Tasmania,TAS,6619,49
604021092,Turners Beach - Forth,Tasmania,TAS,3478,47
604031093,King Island,Tasmania,TAS,1617,45
604031094,North West,Tasmania,TAS,4188,41
604031095,Smithton,Tasmania,TAS,3934,42
604031096,Waratah,Tasmania,TAS,3843,46
604031097,West Coast (Tas.),Tasmania,TAS,4267,47
604031098,Wilderness - West,Tasmania,TAS,0,69
701011001,Darwin Airport,Northern Territory,NT,23,35
701011002,Darwin City,Northern Territory,NT,7149,33
701011003,East Point,Northern Territory,NT,0,61
701011004,Fannie Bay - The Gardens,Northern Territory,NT,3602,38
701011005,Larrakeyah,Northern Territory,NT,3943,33
701011006,Ludmilla - The Narrows,Northern Territory,NT,2563,34
701011007,Parap,Northern Territory,NT,2819,36
701011008,Stuart Park,Northern Territory,NT,4101,34
701011009,Woolner - Bayview - Winnellie,Northern Territory,NT,2858,35
701021010,Alawa,Northern Territory,NT,2078,35
701021011,Anula,Northern Territory,NT,2385,37
701021012,Berrimah,Northern Territory,NT,1712,33
701021013,Brinkin - Nakara,Northern Territory,NT,3430,33
701021014,Buffalo Creek,Northern Territory,NT,0,0
701021015,Charles Darwin,Northern Territory,NT,3,17
701021016,Coconut Grove,Northern Territory,NT,2892,35
701021017,East Arm,Northern Territory,NT,21,45
701021018,Jingili,Northern Territory,NT,1841,36
701021019,Karama,Northern Territory,NT,4803,35
701021020,Leanyer,Northern Territory,NT,4597,37
701021021,Lyons (NT),Northern Territory,NT,6006,30
701021022,Malak - Marrara,Northern Territory,NT,4341,38
701021023,Millner,Northern Territory,NT,2576,36
701021024,Moil,Northern Territory,NT,2000,37
701021025,Nightcliff,Northern Territory,NT,3884,34
701021026,Rapid Creek,Northern Territory,NT,3261,35
701021027,Tiwi,Northern Territory,NT,2511,40
701021028,Wagaman,Northern Territory,NT,2023,35
701021029,Wanguri,Northern Territory,NT,1836,39
701021030,Wulagi,Northern Territory,NT,2510,36
701031031,Howard Springs,Northern Territory,NT,5100,36
701031032,Humpty Doo,Northern Territory,NT,8387,39
701031033,Koolpinyah,Northern Territory,NT,15,65
701031034,Virginia,Northern Territory,NT,3197,41
701031035,Weddell,Northern Territory,NT,4289,40
701041036,Bakewell,Northern Territory,NT,3091,32
701041037,Driver,Northern Territory,NT,2747,33
701041038,Durack - Marlow Lagoon,Northern Territory,NT,4501,32
701041039,Gray,Northern Territory,NT,3142,34
701041040,Moulden,Northern Territory,NT,3053,33
701041041,Palmerston - North,Northern Territory,NT,4456,32
701041042,Palmerston - South,Northern Territory,NT,6451,28
701041043,Rosebery - Bellamack,Northern Territory,NT,6555,29
701041044,Woodroffe,Northern Territory,NT,3175,33
702011045,Charles,Northern Territory,NT,4215,35
702011046,East Side,Northern Territory,NT,5418,33
702011047,Flynn (NT),Northern Territory,NT,4585,33
702011048,Larapinta,Northern Territory,NT,4964,34
702011049,Mount Johns,Northern Territory,NT,4025,35
702011050,Petermann - Simpson,Northern Territory,NT,1961,31
702011051,Ross,Northern Territory,NT,2706,42
702011052,Sandover - Plenty,Northern Territory,NT,3912,30
702011053,Tanami,Northern Territory,NT,2839,29
702011054,Yuendumu - Anmatjere,Northern Territory,NT,1851,28
702021055,Barkly,Northern Territory,NT,2203,26
702021056,Tennant Creek,Northern Territory,NT,3080,33
702031057,Alligator,Northern Territory,NT,4242,47
702031058,Daly,Northern Territory,NT,1890,28
702031059,Thamarrurr,Northern Territory,NT,2118,26
702031060,Tiwi Islands,Northern Territory,NT,2348,30
702031061,West Arnhem,Northern Territory,NT,5204,27
702041062,Anindilyakwa,Northern Territory,NT,2541,30
702041063,East Arnhem,Northern Territory,NT,6983,28
702041064,Nhulunbuy,Northern Territory,NT,3267,33
702051065,Elsey,Northern Territory,NT,2283,29
702051066,Gulf,Northern Territory,NT,4189,28
702051067,Katherine,Northern Territory,NT,9658,33
702051068,Victoria River,Northern Territory,NT,2609,25
801011001,Aranda,Australian Capital Territory,ACT,2605,42
801011002,Belconnen,Australian Capital Territory,ACT,8502,30
801011003,Bruce,Australian Capital Territory,ACT,7520,29
801011004,Charnwood,Australian Capital Territory,ACT,3055,35
801011005,Cook,Australian Capital Territory,ACT,2965,42
801011006,Dunlop,Australian Capital Territory,ACT,7265,36
801011007,Evatt,Australian Capital Territory,ACT,5531,37
801011008,Florey,Australian Capital Territory,ACT,4781,39
801011009,Flynn (ACT),Australian Capital Territory,ACT,3671,37
801011010,Fraser,Australian Capital Territory,ACT,2126,41
801011011,Giralang,Australian Capital Territory,ACT,3372,38
801011012,Gooromon,Australian Capital Territory,ACT,3,30
801011013,Hawker,Australian Capital Territory,ACT,3008,42
801011014,Higgins,Australian Capital Territory,ACT,3321,38
801011015,Holt,Australian Capital Territory,ACT,5628,36
801011016,Kaleen,Australian Capital Territory,ACT,7672,39
801011017,Latham,Australian Capital Territory,ACT,3767,38
801011018,Lawson,Australian Capital Territory,ACT,2739,28
801011019,Macgregor (ACT),Australian Capital Territory,ACT,7049,34
801011020,Macquarie,Australian Capital Territory,ACT,3104,37
801011021,McKellar,Australian Capital Territory,ACT,2740,43
801011022,Melba,Australian Capital Territory,ACT,3383,38
801011023,Page,Australian Capital Territory,ACT,3054,40
801011024,Scullin,Australian Capital Territory,ACT,3069,35
801011025,Spence,Australian Capital Territory,ACT,2587,38
801011026,Weetangera,Australian Capital Territory,ACT,2795,41
801011111,Molonglo Corridor,Australian Capital Territory,ACT,12,19
801011142,Macnamara,Australian Capital Territory,ACT,0,0
801011143,Strathnairn,Australian Capital Territory,ACT,714,30
801011144,West Belconnen,Australian Capital Territory,ACT,25,37
801031031,Hume,Australian Capital Territory,ACT,395,34
801031032,Kowen,Australian Capital Territory,ACT,25,36
801031113,Canberra East,Australian Capital Territory,ACT,1097,47
801031114,Canberra Airport,Australian Capital Territory,ACT,125,39
801031115,Majura,Australian Capital Territory,ACT,296,27
801041034,Amaroo,Australian Capital Territory,ACT,6129,35
801041035,Bonner,Australian Capital Territory,ACT,7339,30
801041036,Casey,Australian Capital Territory,ACT,6471,32
801041037,Crace,Australian Capital Territory,ACT,4800,34
801041038,Forde,Australian Capital Territory,ACT,4435,35
801041039,Franklin,Australian Capital Territory,ACT,7484,30
801041040,Gungahlin,Australian Capital Territory,ACT,8586,31
801041043,Hall,Australian Capital Territory,ACT,298,47
801041044,Harrison,Australian Capital Territory,ACT,8244,31
801041045,Mitchell,Australian Capital Territory,ACT,7,44
801041046,Ngunnawal,Australian Capital Territory,ACT,10957,34
801041047,Nicholls,Australian Capital Territory,ACT,6680,44
801041048,Palmerston,Australian Capital Territory,ACT,5579,36
801041116,Gungahlin - East,Australian Capital Territory,ACT,0,0
801041117,Gungahlin - West,Australian Capital Territory,ACT,0,0
801041118,Jacka,Australian Capital Territory,ACT,712,30
801041119,Kenny,Australian Capital Territory,ACT,19,17
801041120,Moncrieff,Australian Capital Territory,ACT,5310,30
801041121,Taylor,Australian Capital Territory,ACT,2220,30
801041122,Throsby,Australian Capital Territory,ACT,2405,31
801051049,Acton,Australian Capital Territory,ACT,2848,19
801051050,Ainslie,Australian Capital Territory,ACT,5376,42
801051051,Braddon,Australian Capital Territory,ACT,6383,30
801051053,Civic,Australian Capital Territory,ACT,4835,27
801051054,Dickson,Australian Capital Territory,ACT,3292,30
801051055,Downer,Australian Capital Territory,ACT,4296,35
801051056,Hackett,Australian Capital Territory,ACT,3227,40
801051057,Lyneham,Australian Capital Territory,ACT,5703,35
801051058,O'Connor (ACT),Australian Capital Territory,ACT,5917,35
801051060,Turner,Australian Capital Territory,ACT,4470,31
801051061,Watson,Australian Capital Territory,ACT,6727,34
801051123,Black Mountain,Australian Capital Territory,ACT,0,0
801051124,Campbell,Australian Capital Territory,ACT,4588,38
801051125,Duntroon,Australian Capital Territory,ACT,1974,21
801051126,Parkes (ACT) - North,Australian Capital Territory,ACT,0,32
801051127,Reid,Australian Capital Territory,ACT,1544,40
801051128,Russell,Australian Capital Territory,ACT,0,0
801061062,Deakin,Australian Capital Territory,ACT,3124,45
801061063,Forrest,Australian Capital Territory,ACT,1827,47
801061064,Griffith (ACT),Australian Capital Territory,ACT,5328,38
801061066,Lake Burley Griffin,Australian Capital Territory,ACT,0,0
801061067,Narrabundah,Australian Capital Territory,ACT,6455,40
801061068,Parkes (ACT) - South,Australian Capital Territory,ACT,3,82
801061069,Red Hill (ACT),Australian Capital Territory,ACT,3146,42
801061070,Yarralumla,Australian Capital Territory,ACT,3120,50
801061129,Barton,Australian Capital Territory,ACT,1946,39
801061130,Fyshwick,Australian Capital Territory,ACT,52,37
801061131,Kingston (ACT),Australian Capital Territory,ACT,6579,35
801071071,Banks,Australian Capital Territory,ACT,5100,35
801071072,Bonython,Australian Capital Territory,ACT,3839,38
801071073,Calwell,Australian Capital Territory,ACT,5730,37
801071074,Chisholm,Australian Capital Territory,ACT,5268,37
801071075,Conder,Australian Capital Territory,ACT,5108,37
801071076,Fadden,Australian Capital Territory,ACT,3006,43
801071077,Gilmore,Australian Capital Territory,ACT,2706,37
801071078,Gordon (ACT),Australian Capital Territory,ACT,7892,38
801071079,Gowrie (ACT),Australian Capital Territory,ACT,3140,38
801071080,Greenway,Australian Capital Territory,ACT,4129,36
801071081,Isabella Plains,Australian Capital Territory,ACT,4329,36
801071082,Kambah,Australian Capital Territory,ACT,15670,41
801071083,Macarthur,Australian Capital Territory,ACT,1405,39
801071084,Monash,Australian Capital Territory,ACT,5644,43
801071085,Mount Taylor,Australian Capital Territory,ACT,0,0
801071086,Oxley (ACT),Australian Capital Territory,ACT,1703,39
801071087,Richardson,Australian Capital Territory,ACT,3058,36
801071088,Theodore,Australian Capital Territory,ACT,3798,36
801071089,Tuggeranong,Australian Capital Territory,ACT,43,58
801071090,Wanniassa,Australian Capital Territory,ACT,7885,39
801071132,Tuggeranong - West,Australian Capital Territory,ACT,13,42
801081091,Chapman,Australian Capital Territory,ACT,2867,47
801081092,Duffy,Australian Capital Territory,ACT,3395,39
801081093,Fisher,Australian Capital Territory,ACT,3219,40
801081094,Holder,Australian Capital Territory,ACT,2816,41
801081095,Rivett,Australian Capital Territory,ACT,3354,39
801081096,Stirling,Australian Capital Territory,ACT,2191,46
801081097,Waramanga,Australian Capital Territory,ACT,2785,38
801081098,Weston,Australian Capital Territory,ACT,4000,42
801081133,Scrivener,Australian Capital Territory,ACT,0,70
801091099,Chifley,Australian Capital Territory,ACT,2680,37
801091100,Curtin,Australian Capital Territory,ACT,5569,41
801091101,Farrer,Australian Capital Territory,ACT,3787,43
801091102,Garran,Australian Capital Territory,ACT,3706,41
801091103,Hughes,Australian Capital Territory,ACT,3210,43
801091104,Isaacs,Australian Capital Territory,ACT,2379,49
801091105,Lyons (ACT),Australian Capital Territory,ACT,3271,36
801091106,Mawson,Australian Capital Territory,ACT,3440,38
801091107,O'Malley,Australian Capital Territory,ACT,928,51
801091108,Pearce,Australian Capital Territory,ACT,2687,43
801091109,Phillip,Australian Capital Territory,ACT,5197,32
801091110,Torrens,Australian Capital Territory,ACT,2424,39
801101134,Arboretum,Australian Capital Territory,ACT,13,65
801101135,Coombs,Australian Capital Territory,ACT,4851,30
801101136,Denman Prospect,Australian Capital Territory,ACT,2759,31
801101137,Molonglo,Australian Capital Territory,ACT,0,0
801101139,Wright,Australian Capital Territory,ACT,3808,32
801101145,Molonglo - East,Australian Capital Territory,ACT,4,57
801101146,Whitlam,Australian Capital Territory,ACT,7,27
801111140,ACT - South West,Australian Capital Territory,ACT,556,35
801111141,Namadgi,Australian Capital Territory,ACT,63,27
