date,sa2_code,sa2_name,state,state_abbrev,longitude,latitude,jobseeker_payment
2026-06,101021007,Braidwood,New South Wales,NSW,149.768076,-35.504682,145
2026-06,101021008,Karabar,New South Wales,NSW,149.235061,-35.375109,295
2026-06,101021009,Queanbeyan,New South Wales,NSW,149.224629,-35.352049,380
2026-06,101021010,Queanbeyan - East,New South Wales,NSW,149.251863,-35.360353,135
2026-06,101021012,Queanbeyan West - Jerrabomberra,New South Wales,NSW,149.202226,-35.376649,160
2026-06,101021610,Googong,New South Wales,NSW,149.236848,-35.426791,45
2026-06,101021611,Queanbeyan Surrounds,New South Wales,NSW,149.424568,-35.422758,205
2026-06,101031013,Bombala,New South Wales,NSW,148.971335,-36.911133,90
2026-06,101031014,Cooma,New South Wales,NSW,149.111163,-36.248107,205
2026-06,101031015,Cooma Surrounds,New South Wales,NSW,149.161219,-36.145978,90
2026-06,101031016,Jindabyne - Berridale,New South Wales,NSW,148.57128,-36.476372,160
2026-06,101041017,Batemans Bay,New South Wales,NSW,150.155617,-35.704662,410
2026-06,101041018,Batemans Bay - South,New South Wales,NSW,150.211152,-35.780232,370
2026-06,101041019,Bega - Tathra,New South Wales,NSW,149.908795,-36.73639,345
2026-06,101041020,Bega-Eden Hinterland,New South Wales,NSW,149.672637,-36.872106,420
2026-06,101041021,Broulee - Tomakin,New South Wales,NSW,150.154513,-35.845717,110
2026-06,101041022,Deua - Wadbilliga,New South Wales,NSW,149.740261,-36.181929,5
2026-06,101041023,Eden,New South Wales,NSW,149.891545,-37.030662,200
2026-06,101041024,Eurobodalla Hinterland,New South Wales,NSW,150.030593,-35.850318,210
2026-06,101041025,Merimbula - Tura Beach,New South Wales,NSW,149.863292,-36.904764,305
2026-06,101041026,Moruya - Tuross Head,New South Wales,NSW,150.105779,-35.95674,390
2026-06,101041027,Narooma - Bermagui,New South Wales,NSW,150.06558,-36.330865,390
2026-06,101051539,Goulburn,New South Wales,NSW,149.727,-34.744292,965
2026-06,101051540,Goulburn Surrounds,New South Wales,NSW,149.613919,-34.500825,375
2026-06,101061541,Yass,New South Wales,NSW,148.90831,-34.822826,155
2026-06,101061542,Yass Surrounds,New South Wales,NSW,148.884247,-34.887327,185
2026-06,101061543,Young,New South Wales,NSW,148.342282,-34.320418,420
2026-06,101061544,Young Surrounds,New South Wales,NSW,148.790669,-34.354781,310
2026-06,102011028,Avoca Beach - Copacabana,New South Wales,NSW,151.427229,-33.473124,130
2026-06,102011029,Box Head - MacMasters Beach,New South Wales,NSW,151.389725,-33.5121,220
2026-06,102011030,Calga - Kulnura,New South Wales,NSW,151.179676,-33.340443,170
2026-06,102011031,Erina - Green Point,New South Wales,NSW,151.401705,-33.424516,265
2026-06,102011032,Gosford - Springfield,New South Wales,NSW,151.364938,-33.429541,1025
2026-06,102011033,Kariong,New South Wales,NSW,151.294874,-33.438833,170
2026-06,102011034,Kincumber - Picketts Valley,New South Wales,NSW,151.397719,-33.470393,180
2026-06,102011035,Narara,New South Wales,NSW,151.331081,-33.395571,190
2026-06,102011036,Niagara Park - Lisarow,New South Wales,NSW,151.380528,-33.386693,195
2026-06,102011037,Point Clare - Koolewong,New South Wales,NSW,151.311645,-33.454419,175
2026-06,102011038,Saratoga - Davistown,New South Wales,NSW,151.352304,-33.478053,125
2026-06,102011039,Terrigal - North Avoca,New South Wales,NSW,151.428256,-33.44582,275
2026-06,102011040,Umina - Booker Bay - Patonga,New South Wales,NSW,151.289114,-33.52934,1025
2026-06,102011041,Wamberal - Forresters Beach,New South Wales,NSW,151.458271,-33.407947,185
2026-06,102011042,Woy Woy - Blackwall,New South Wales,NSW,151.299447,-33.483782,735
2026-06,102011043,Wyoming,New South Wales,NSW,151.364884,-33.404791,430
2026-06,102021044,Bateau Bay - Killarney Vale,New South Wales,NSW,151.470337,-33.377674,755
2026-06,102021045,Blue Haven - San Remo,New South Wales,NSW,151.524834,-33.204561,595
2026-06,102021046,Budgewoi - Buff Point - Halekulani,New South Wales,NSW,151.548525,-33.223172,470
2026-06,102021047,Chittaway Bay - Tumbi Umbi,New South Wales,NSW,151.429184,-33.352706,480
2026-06,102021048,Gorokan - Kanwal - Charmhaven,New South Wales,NSW,151.501504,-33.256733,1175
2026-06,102021049,Jilliby - Yarramalong,New South Wales,NSW,151.30948,-33.170487,110
2026-06,102021050,Lake Munmorah - Mannering Park,New South Wales,NSW,151.574697,-33.175858,440
2026-06,102021051,Ourimbah - Fountaindale,New South Wales,NSW,151.332682,-33.315485,140
2026-06,102021052,Summerland Point - Gwandalan,New South Wales,NSW,151.580986,-33.131557,255
2026-06,102021053,The Entrance,New South Wales,NSW,151.492793,-33.356538,910
2026-06,102021054,Toukley - Norah Head,New South Wales,NSW,151.553418,-33.271581,485
2026-06,102021055,Tuggerah - Kangy Angy,New South Wales,NSW,151.410959,-33.304962,140
2026-06,102021056,Warnervale - Wadalba,New South Wales,NSW,151.451193,-33.245518,560
2026-06,102021057,Wyong,New South Wales,NSW,151.437992,-33.279554,615
2026-06,103011059,Bathurst - East,New South Wales,NSW,149.633804,-33.417867,400
2026-06,103011060,Bathurst Surrounds,New South Wales,NSW,149.775406,-33.474694,150
2026-06,103011061,Oberon,New South Wales,NSW,149.769473,-33.862588,125
2026-06,103011612,Bathurst - South,New South Wales,NSW,149.552257,-33.458351,510
2026-06,103011613,Bathurst - West,New South Wales,NSW,149.55462,-33.376517,345
2026-06,103021062,Condobolin,New South Wales,NSW,147.121301,-32.795343,295
2026-06,103021063,Cowra,New South Wales,NSW,148.645849,-33.78919,500
2026-06,103021064,Cowra Surrounds,New South Wales,NSW,148.862842,-33.734664,205
2026-06,103021065,Forbes,New South Wales,NSW,147.945489,-33.455881,380
2026-06,103021066,Grenfell,New South Wales,NSW,148.021314,-33.887601,150
2026-06,103021067,Parkes (NSW),New South Wales,NSW,148.177398,-33.182856,455
2026-06,103021068,Parkes Surrounds,New South Wales,NSW,147.979169,-32.908293,200
2026-06,103021069,West Wyalong,New South Wales,NSW,147.053287,-33.917941,150
2026-06,103031070,Lithgow,New South Wales,NSW,150.133449,-33.483992,665
2026-06,103031071,Lithgow Surrounds,New South Wales,NSW,149.980013,-33.320073,300
2026-06,103031072,Mudgee,New South Wales,NSW,149.588324,-32.608374,410
2026-06,103031073,Mudgee Surrounds - East,New South Wales,NSW,150.063429,-32.724294,215
2026-06,103031074,Mudgee Surrounds - West,New South Wales,NSW,149.647025,-32.423052,375
2026-06,103031075,Wollangambe - Wollemi,New South Wales,NSW,150.46959,-33.135538,0
2026-06,103041076,Blayney,New South Wales,NSW,149.15931,-33.644816,255
2026-06,103041077,Orange,New South Wales,NSW,149.11016,-33.301192,870
2026-06,103041078,Orange - North,New South Wales,NSW,149.129583,-33.249272,535
2026-06,103041079,Orange Surrounds,New South Wales,NSW,148.910544,-33.145838,215
2026-06,104011080,Grafton,New South Wales,NSW,152.924611,-29.679816,1240
2026-06,104011081,Grafton Surrounds,New South Wales,NSW,152.798791,-29.582276,1020
2026-06,104011082,Maclean - Yamba - Iluka,New South Wales,NSW,153.27665,-29.462331,740
2026-06,104021083,Bellingen,New South Wales,NSW,152.702158,-30.429032,380
2026-06,104021084,Coffs Harbour - North,New South Wales,NSW,153.104561,-30.283111,1035
2026-06,104021085,Coffs Harbour - South,New South Wales,NSW,153.09514,-30.322542,825
2026-06,104021086,Coramba - Nana Glen - Bucca,New South Wales,NSW,153.051745,-30.219263,195
2026-06,104021087,Dorrigo,New South Wales,NSW,152.651652,-30.202144,185
2026-06,104021088,Korora - Emerald Beach,New South Wales,NSW,153.147466,-30.205969,240
2026-06,104021089,Sawtell - Boambee,New South Wales,NSW,153.027582,-30.381293,795
2026-06,104021090,Urunga,New South Wales,NSW,152.989741,-30.494509,200
2026-06,104021091,Woolgoolga - Arrawarra,New South Wales,NSW,153.149355,-30.031117,585
2026-06,105011092,Bourke - Brewarrina,New South Wales,NSW,145.767574,-29.996021,425
2026-06,105011093,Cobar,New South Wales,NSW,145.292547,-31.985802,175
2026-06,105011094,Coonamble,New South Wales,NSW,148.293106,-31.017216,295
2026-06,105011095,Nyngan - Warren,New South Wales,NSW,147.076158,-31.438091,270
2026-06,105011096,Walgett - Lightning Ridge,New South Wales,NSW,148.244514,-29.828649,680
2026-06,105021097,Broken Hill,New South Wales,NSW,141.478205,-31.951233,1110
2026-06,105021098,Far West,New South Wales,NSW,142.555174,-31.183171,235
2026-06,105031099,Coonabarabran,New South Wales,NSW,149.41708,-31.30917,475
2026-06,105031100,Dubbo - East,New South Wales,NSW,148.680352,-32.252598,500
2026-06,105031101,Dubbo - South,New South Wales,NSW,148.62991,-32.267522,655
2026-06,105031102,Dubbo - West,New South Wales,NSW,148.583339,-32.232238,525
2026-06,105031103,Dubbo Surrounds,New South Wales,NSW,148.617301,-32.334961,110
2026-06,105031104,Gilgandra,New South Wales,NSW,148.588939,-31.632988,210
2026-06,105031105,Narromine,New South Wales,NSW,147.953565,-32.183137,285
2026-06,105031106,Wellington,New South Wales,NSW,148.87354,-32.659194,510
2026-06,106011107,Branxton - Greta - Pokolbin,New South Wales,NSW,151.332773,-32.71138,370
2026-06,106011108,Cessnock,New South Wales,NSW,151.359603,-32.829117,1450
2026-06,106011109,Cessnock Surrounds,New South Wales,NSW,151.171015,-32.958531,305
2026-06,106011110,Dungog,New South Wales,NSW,151.626249,-32.347188,295
2026-06,106011111,Kurri Kurri - Abermain,New South Wales,NSW,151.466398,-32.803052,1035
2026-06,106011112,Singleton,New South Wales,NSW,151.151436,-32.581653,590
2026-06,106011113,Singleton Surrounds,New South Wales,NSW,150.936766,-32.605451,155
2026-06,106021114,Maitland,New South Wales,NSW,151.536141,-32.76039,445
2026-06,106021116,Maitland - North,New South Wales,NSW,151.57307,-32.678387,125
2026-06,106021614,East Maitland - Metford,New South Wales,NSW,151.591612,-32.765946,635
2026-06,106021615,Rutherford (North) - Aberglasslyn,New South Wales,NSW,151.466543,-32.674094,605
2026-06,106021616,Rutherford (South) - Telarah,New South Wales,NSW,151.504497,-32.729996,490
2026-06,106021617,Tenambit - East Maitland,New South Wales,NSW,151.604231,-32.738614,345
2026-06,106021618,Thornton - Millers Forest,New South Wales,NSW,151.675496,-32.76693,365
2026-06,106031119,Anna Bay,New South Wales,NSW,152.037704,-32.777689,210
2026-06,106031120,Lemon Tree Passage - Tanilba Bay,New South Wales,NSW,151.990337,-32.7514,320
2026-06,106031121,Nelson Bay Peninsula,New South Wales,NSW,152.127735,-32.732491,700
2026-06,106031122,Raymond Terrace,New South Wales,NSW,151.761188,-32.76554,965
2026-06,106031123,Seaham - Woodville,New South Wales,NSW,151.713745,-32.669914,90
2026-06,106031124,Tea Gardens - Hawks Nest,New South Wales,NSW,152.114448,-32.633707,205
2026-06,106031125,Williamtown - Medowie - Karuah,New South Wales,NSW,151.883192,-32.711329,490
2026-06,106041126,Muswellbrook,New South Wales,NSW,150.899955,-32.31051,675
2026-06,106041127,Muswellbrook Surrounds,New South Wales,NSW,150.516397,-32.488032,115
2026-06,106041128,Scone,New South Wales,NSW,150.867903,-32.058379,155
2026-06,106041129,Scone Surrounds,New South Wales,NSW,150.647068,-31.981237,310
2026-06,107011131,Dapto - Avondale,New South Wales,NSW,150.762843,-34.515568,995
2026-06,107011132,Horsley - Kembla Grange,New South Wales,NSW,150.771621,-34.476009,250
2026-06,107011133,Port Kembla Industrial,New South Wales,NSW,150.881379,-34.462984,10
2026-06,107011134,Unanderra - Mount Kembla,New South Wales,NSW,150.814322,-34.439004,460
2026-06,107011545,Berkeley - Lake Heights - Cringila,New South Wales,NSW,150.849031,-34.481377,875
2026-06,107011546,Port Kembla - Warrawong,New South Wales,NSW,150.895356,-34.489016,825
2026-06,107011547,Windang - Primbee,New South Wales,NSW,150.876023,-34.519998,200
2026-06,107021135,Illawarra Catchment Reserve,New South Wales,NSW,150.715079,-34.389913,5
2026-06,107031136,Albion Park - Macquarie Pass,New South Wales,NSW,150.713772,-34.577998,480
2026-06,107031137,Albion Park Rail,New South Wales,NSW,150.790684,-34.561635,330
2026-06,107031138,Kiama,New South Wales,NSW,150.845126,-34.681373,160
2026-06,107031139,Kiama Downs - Minnamurra,New South Wales,NSW,150.845151,-34.63738,85
2026-06,107031140,Kiama Hinterland - Gerringong,New South Wales,NSW,150.773579,-34.695511,125
2026-06,107031141,Shellharbour - Flinders,New South Wales,NSW,150.839042,-34.601576,430
2026-06,107031142,Shellharbour - Oak Flats,New South Wales,NSW,150.823473,-34.56509,385
2026-06,107031143,Warilla,New South Wales,NSW,150.854112,-34.556654,1145
2026-06,107041144,Balgownie - Fairy Meadow,New South Wales,NSW,150.883342,-34.395601,660
2026-06,107041145,Corrimal - Tarrawanna - Bellambi,New South Wales,NSW,150.900277,-34.369864,655
2026-06,107041146,Figtree - Keiraville,New South Wales,NSW,150.853531,-34.420336,555
2026-06,107041147,Helensburgh,New South Wales,NSW,150.97228,-34.179236,125
2026-06,107041148,Thirroul - Austinmer - Coalcliff,New South Wales,NSW,150.947654,-34.280286,195
2026-06,107041150,Woonona - Bulli - Russell Vale,New South Wales,NSW,150.905932,-34.338649,460
2026-06,107041548,Wollongong - East,New South Wales,NSW,150.899879,-34.420772,810
2026-06,107041549,Wollongong - West,New South Wales,NSW,150.877701,-34.42731,780
2026-06,108011151,Bulahdelah - Stroud,New South Wales,NSW,152.06381,-32.346293,250
2026-06,108011152,Forster,New South Wales,NSW,152.543778,-32.233348,690
2026-06,108011153,Forster-Tuncurry Surrounds,New South Wales,NSW,152.380382,-32.260145,340
2026-06,108011154,Tuncurry,New South Wales,NSW,152.484945,-32.159837,330
2026-06,108021155,Kempsey,New South Wales,NSW,152.822901,-31.085171,1045
2026-06,108021156,Kempsey Surrounds,New South Wales,NSW,152.461551,-30.905539,560
2026-06,108021157,Macksville - Scotts Head,New South Wales,NSW,152.946551,-30.713305,305
2026-06,108021158,Nambucca Heads,New South Wales,NSW,152.990676,-30.640968,485
2026-06,108021159,Nambucca Heads Surrounds,New South Wales,NSW,152.744175,-30.723001,465
2026-06,108021160,South West Rocks,New South Wales,NSW,153.047599,-30.916936,290
2026-06,108031161,Lord Howe Island,New South Wales,NSW,159.085676,-31.553743,5
2026-06,108041162,Laurieton - Bonny Hills,New South Wales,NSW,152.677533,-31.617407,675
2026-06,108041164,Port Macquarie - West,New South Wales,NSW,152.863417,-31.440826,890
2026-06,108041165,Port Macquarie Surrounds,New South Wales,NSW,152.510507,-31.391067,230
2026-06,108041166,Wauchope,New South Wales,NSW,152.741249,-31.472048,525
2026-06,108041619,Port Macquarie - East,New South Wales,NSW,152.92463,-31.455358,465
2026-06,108041620,Port Macquarie - South,New South Wales,NSW,152.895996,-31.48509,375
2026-06,108051167,Gloucester,New South Wales,NSW,151.819546,-31.887935,215
2026-06,108051168,Old Bar - Manning Point - Red Head,New South Wales,NSW,152.525944,-31.973593,465
2026-06,108051169,Taree,New South Wales,NSW,152.493582,-31.90909,1355
2026-06,108051170,Taree Surrounds,New South Wales,NSW,152.354336,-31.804857,615
2026-06,108051171,Wingham,New South Wales,NSW,152.370875,-31.862497,305
2026-06,109011172,Albury - East,New South Wales,NSW,147.004896,-36.06273,430
2026-06,109011173,Albury - North,New South Wales,NSW,146.896944,-36.03658,560
2026-06,109011174,Albury - South,New South Wales,NSW,146.863764,-36.064201,565
2026-06,109011175,Albury Surrounds,New South Wales,NSW,147.218867,-35.758567,300
2026-06,109011176,Lavington,New South Wales,NSW,146.94499,-36.028494,880
2026-06,109021177,Hay,New South Wales,NSW,144.803726,-33.944359,115
2026-06,109021178,Wentworth - Buronga,New South Wales,NSW,142.201585,-34.150567,325
2026-06,109021179,Wentworth-Balranald Region,New South Wales,NSW,142.787597,-33.923634,100
2026-06,109031180,Corowa,New South Wales,NSW,146.357851,-35.993368,220
2026-06,109031181,Corowa Surrounds,New South Wales,NSW,146.320228,-35.603413,265
2026-06,109031182,Deniliquin,New South Wales,NSW,144.973251,-35.528771,340
2026-06,109031183,Deniliquin Surrounds,New South Wales,NSW,144.557537,-35.350574,205
2026-06,109031184,Moama,New South Wales,NSW,144.792326,-36.04493,165
2026-06,109031185,Tocumwal - Finley - Jerilderie,New South Wales,NSW,145.775907,-35.427129,390
2026-06,110011186,Armidale,New South Wales,NSW,151.671251,-30.501957,1310
2026-06,110011187,Armidale Surrounds - North,New South Wales,NSW,151.907108,-30.405498,195
2026-06,110011188,Armidale Surrounds - South,New South Wales,NSW,151.331497,-30.562565,170
2026-06,110011189,Walcha,New South Wales,NSW,151.749059,-31.197543,120
2026-06,110021190,Glen Innes,New South Wales,NSW,151.917291,-29.631887,590
2026-06,110021191,Inverell,New South Wales,NSW,151.108358,-29.765319,615
2026-06,110021192,Inverell Surrounds - East,New South Wales,NSW,151.160113,-29.464437,325
2026-06,110021193,Inverell Surrounds - West,New South Wales,NSW,150.595499,-29.650414,265
2026-06,110021194,Tenterfield,New South Wales,NSW,152.280779,-28.838557,540
2026-06,110031195,Moree,New South Wales,NSW,149.841918,-29.460983,565
2026-06,110031196,Moree Surrounds,New South Wales,NSW,149.53187,-29.321321,225
2026-06,110031197,Narrabri,New South Wales,NSW,149.78941,-30.358198,345
2026-06,110031198,Narrabri Surrounds,New South Wales,NSW,149.308238,-30.336145,210
2026-06,110041199,Gunnedah,New South Wales,NSW,150.22637,-30.979534,415
2026-06,110041200,Gunnedah Surrounds,New South Wales,NSW,150.003823,-31.000888,155
2026-06,110041201,Quirindi,New South Wales,NSW,150.39427,-31.470038,435
2026-06,110041202,Tamworth - East,New South Wales,NSW,150.958097,-31.146443,995
2026-06,110041203,Tamworth - North,New South Wales,NSW,150.958508,-31.094802,635
2026-06,110041204,Tamworth - West,New South Wales,NSW,150.86922,-31.089613,530
2026-06,110041205,Tamworth Surrounds,New South Wales,NSW,150.88399,-30.929404,680
2026-06,111011206,Belmont - Bennetts Green,New South Wales,NSW,151.670868,-33.019791,520
2026-06,111011207,Belmont South - Blacksmiths,New South Wales,NSW,151.651618,-33.063796,230
2026-06,111011208,Charlestown - Dudley,New South Wales,NSW,151.705294,-32.981826,730
2026-06,111011209,Glendale - Cardiff - Hillsborough,New South Wales,NSW,151.660041,-32.948061,750
2026-06,111011210,Mount Hutton - Windale,New South Wales,NSW,151.673782,-32.99065,520
2026-06,111011211,Redhead,New South Wales,NSW,151.714143,-33.00569,90
2026-06,111011212,Swansea - Caves Beach,New South Wales,NSW,151.630986,-33.123124,425
2026-06,111011213,Valentine - Eleebana,New South Wales,NSW,151.64811,-33.006993,135
2026-06,111011214,Warners Bay - Boolaroo,New South Wales,NSW,151.640902,-32.960746,350
2026-06,111021215,Bolton Point - Teralba,New South Wales,NSW,151.598415,-32.967467,370
2026-06,111021216,Bonnells Bay - Silverwater,New South Wales,NSW,151.535693,-33.107954,375
2026-06,111021217,Edgeworth - Cameron Park,New South Wales,NSW,151.617909,-32.911934,420
2026-06,111021218,Morisset - Cooranbong,New South Wales,NSW,151.443449,-33.076129,720
2026-06,111021219,Toronto - Awaba,New South Wales,NSW,151.559492,-33.017001,570
2026-06,111021220,Wangi Wangi - Rathmines,New South Wales,NSW,151.574273,-33.057089,290
2026-06,111021221,West Wallsend - Barnsley - Killingworth,New South Wales,NSW,151.553116,-32.932746,205
2026-06,111031222,Adamstown - Kotara,New South Wales,NSW,151.713271,-32.942224,440
2026-06,111031223,Beresfield - Hexham,New South Wales,NSW,151.655039,-32.828253,480
2026-06,111031224,Hamilton - Broadmeadow,New South Wales,NSW,151.73989,-32.923024,710
2026-06,111031225,Lambton - New Lambton,New South Wales,NSW,151.706145,-32.926045,415
2026-06,111031226,Maryland - Fletcher - Minmi,New South Wales,NSW,151.639357,-32.875244,410
2026-06,111031227,Mayfield - Warabrook,New South Wales,NSW,151.72838,-32.891005,745
2026-06,111031228,Merewether - The Junction,New South Wales,NSW,151.7419,-32.947608,295
2026-06,111031229,Newcastle - Cooks Hill,New South Wales,NSW,151.772545,-32.929953,645
2026-06,111031230,Newcastle Port - Kooragang,New South Wales,NSW,151.763672,-32.878237,5
2026-06,111031231,Shortland - Jesmond,New South Wales,NSW,151.692028,-32.880952,685
2026-06,111031232,Stockton - Fullerton Cove,New South Wales,NSW,151.807464,-32.870172,245
2026-06,111031233,Wallsend - Elermore Vale,New South Wales,NSW,151.663491,-32.905161,840
2026-06,111031234,Waratah - North Lambton,New South Wales,NSW,151.716456,-32.904445,490
2026-06,111031235,Wickham - Carrington - Tighes Hill,New South Wales,NSW,151.751887,-32.914435,385
2026-06,112011236,Ballina,New South Wales,NSW,153.559928,-28.835856,795
2026-06,112011237,Ballina Surrounds,New South Wales,NSW,153.4437,-28.852756,590
2026-06,112011238,Bangalow,New South Wales,NSW,153.512306,-28.679161,255
2026-06,112011239,Brunswick Heads - Ocean Shores,New South Wales,NSW,153.543296,-28.544117,490
2026-06,112011240,Byron Bay,New South Wales,NSW,153.608226,-28.680193,510
2026-06,112011241,Evans Head,New South Wales,NSW,153.306839,-29.127191,280
2026-06,112011242,Lennox Head - Skennars Head,New South Wales,NSW,153.579661,-28.78853,185
2026-06,112011243,Mullumbimby,New South Wales,NSW,153.433632,-28.554639,795
2026-06,112021244,Casino,New South Wales,NSW,153.032419,-28.843307,690
2026-06,112021245,Casino Surrounds,New South Wales,NSW,152.80011,-28.905263,420
2026-06,112021246,Goonellabah,New South Wales,NSW,153.330134,-28.829262,530
2026-06,112021247,Kyogle,New South Wales,NSW,152.937608,-28.511925,485
2026-06,112021248,Lismore,New South Wales,NSW,153.270715,-28.819129,975
2026-06,112021249,Lismore Surrounds,New South Wales,NSW,153.203085,-28.793083,875
2026-06,112031250,Kingscliff - Fingal Head,New South Wales,NSW,153.54852,-28.243846,470
2026-06,112031251,Murwillumbah,New South Wales,NSW,153.396136,-28.330477,455
2026-06,112031252,Murwillumbah Surrounds,New South Wales,NSW,153.278306,-28.388087,625
2026-06,112031253,Pottsville,New South Wales,NSW,153.535341,-28.37758,465
2026-06,112031254,Tweed Heads,New South Wales,NSW,153.445585,-28.219584,895
2026-06,112031550,Banora Point,New South Wales,NSW,153.536076,-28.225633,415
2026-06,112031551,Terranora - North Tumbulgum,New South Wales,NSW,153.490482,-28.247884,75
2026-06,112031552,Tweed Heads South,New South Wales,NSW,153.537197,-28.198756,415
2026-06,113011256,Griffith (NSW),New South Wales,NSW,146.043751,-34.277032,655
2026-06,113011257,Griffith Surrounds,New South Wales,NSW,145.788598,-33.864809,335
2026-06,113011258,Leeton,New South Wales,NSW,146.405657,-34.528463,400
2026-06,113011259,Narrandera,New South Wales,NSW,146.649805,-34.674198,300
2026-06,113021260,Tumbarumba,New South Wales,NSW,148.232273,-36.173374,105
2026-06,113021261,Tumut,New South Wales,NSW,148.235692,-35.322411,260
2026-06,113021262,Tumut Surrounds,New South Wales,NSW,148.34261,-35.541091,185
2026-06,113031263,Cootamundra,New South Wales,NSW,148.020656,-34.602776,245
2026-06,113031264,Gundagai,New South Wales,NSW,148.211345,-35.027586,115
2026-06,113031265,Junee,New South Wales,NSW,147.672668,-34.815134,175
2026-06,113031266,Temora,New South Wales,NSW,147.303453,-34.38303,225
2026-06,113031267,Wagga Wagga - East,New South Wales,NSW,147.403317,-35.146827,460
2026-06,113031268,Wagga Wagga - North,New South Wales,NSW,147.398442,-35.077841,105
2026-06,113031269,Wagga Wagga - South,New South Wales,NSW,147.333571,-35.153878,935
2026-06,113031270,Wagga Wagga - West,New South Wales,NSW,147.308346,-35.129087,675
2026-06,113031271,Wagga Wagga Surrounds,New South Wales,NSW,147.113285,-35.043154,395
2026-06,114011272,Berry - Kangaroo Valley,New South Wales,NSW,150.584465,-34.757843,170
2026-06,114011273,Callala Bay - Currarong,New South Wales,NSW,150.689215,-35.007637,140
2026-06,114011274,Culburra Beach,New South Wales,NSW,150.720171,-34.900719,190
2026-06,114011275,Ettrema - Sassafras - Budawang,New South Wales,NSW,150.289118,-35.142563,5
2026-06,114011276,Huskisson - Vincentia,New South Wales,NSW,150.66663,-35.070702,105
2026-06,114011277,North Nowra - Bomaderry,New South Wales,NSW,150.581474,-34.831848,580
2026-06,114011278,Nowra,New South Wales,NSW,150.604805,-34.906728,1285
2026-06,114011279,St Georges Basin - Erowal Bay,New South Wales,NSW,150.608548,-35.099875,640
2026-06,114011280,Sussex Inlet - Berrara,New South Wales,NSW,150.574711,-35.15653,240
2026-06,114011281,Tomerong - Wandandian - Woollamia,New South Wales,NSW,150.534548,-35.010474,110
2026-06,114011282,Ulladulla,New South Wales,NSW,150.45177,-35.349454,625
2026-06,114011283,Ulladulla Surrounds,New South Wales,NSW,150.368121,-35.344032,215
2026-06,114021284,Bowral,New South Wales,NSW,150.428303,-34.491315,155
2026-06,114021285,Hill Top - Colo Vale,New South Wales,NSW,150.477808,-34.353316,150
2026-06,114021286,Mittagong,New South Wales,NSW,150.481695,-34.464387,215
2026-06,114021287,Moss Vale - Berrima,New South Wales,NSW,150.345514,-34.523321,250
2026-06,114021288,Robertson - Fitzroy Falls,New South Wales,NSW,150.5799,-34.612904,40
2026-06,114021289,Southern Highlands,New South Wales,NSW,150.190076,-34.4849,110
2026-06,115011290,Baulkham Hills - East,New South Wales,NSW,150.99362,-33.756919,350
2026-06,115011291,Baulkham Hills (West) - Bella Vista,New South Wales,NSW,150.965426,-33.74265,225
2026-06,115011294,Glenhaven,New South Wales,NSW,150.997972,-33.702752,40
2026-06,115011296,West Pennant Hills,New South Wales,NSW,151.032263,-33.747794,115
2026-06,115011553,Castle Hill - Central,New South Wales,NSW,150.988892,-33.734717,135
2026-06,115011554,Castle Hill - East,New South Wales,NSW,151.025068,-33.721315,25
2026-06,115011555,Castle Hill - North,New South Wales,NSW,151.00041,-33.718448,180
2026-06,115011556,Castle Hill - South,New South Wales,NSW,151.009769,-33.74293,130
2026-06,115011557,Castle Hill - West,New South Wales,NSW,150.9736,-33.718763,65
2026-06,115011558,Cherrybrook,New South Wales,NSW,151.044499,-33.721755,175
2026-06,115011621,Kellyville - East,New South Wales,NSW,150.962962,-33.706053,225
2026-06,115011622,Kellyville - West,New South Wales,NSW,150.949894,-33.718524,130
2026-06,115021297,Dural - Kenthurst - Wisemans Ferry,New South Wales,NSW,150.965884,-33.542379,305
2026-06,115021298,Galston - Laughtondale,New South Wales,NSW,151.093073,-33.536803,65
2026-06,115031299,Bilpin - Colo - St Albans,New South Wales,NSW,150.823775,-33.280363,85
2026-06,115031300,Kurrajong Heights - Ebenezer,New South Wales,NSW,150.760898,-33.526278,370
2026-06,115041301,Pitt Town - McGraths Hill,New South Wales,NSW,150.888324,-33.60621,205
2026-06,115041623,Box Hill - Nelson,New South Wales,NSW,150.909927,-33.643346,290
2026-06,115041624,North Kellyville,New South Wales,NSW,150.946032,-33.680453,215
2026-06,115041625,Rouse Hill - Beaumont Hills,New South Wales,NSW,150.923966,-33.683386,240
2026-06,116011303,Blacktown (East) - Kings Park,New South Wales,NSW,150.912538,-33.758643,660
2026-06,116011304,Blacktown (North) - Marayong,New South Wales,NSW,150.893047,-33.75046,785
2026-06,116011306,Doonside - Woodcroft,New South Wales,NSW,150.872704,-33.766834,935
2026-06,116011307,Lalor Park - Kings Langley,New South Wales,NSW,150.939583,-33.760378,845
2026-06,116011560,Blacktown - South,New South Wales,NSW,150.909129,-33.78862,515
2026-06,116011561,Blacktown - West,New South Wales,NSW,150.891925,-33.778553,685
2026-06,116011626,Seven Hills - Prospect,New South Wales,NSW,150.909619,-33.79208,430
2026-06,116011627,Toongabbie - West,New South Wales,NSW,150.932995,-33.793933,350
2026-06,116021309,Glenwood,New South Wales,NSW,150.931826,-33.737134,210
2026-06,116021562,Acacia Gardens,New South Wales,NSW,150.913998,-33.734208,55
2026-06,116021563,Quakers Hill,New South Wales,NSW,150.896005,-33.722446,515
2026-06,116021628,Kellyville Ridge - The Ponds,New South Wales,NSW,150.912575,-33.706406,250
2026-06,116021629,Marsden Park - Shanes Park,New South Wales,NSW,150.807295,-33.701388,505
2026-06,116021630,Riverstone,New South Wales,NSW,150.854813,-33.679909,495
2026-06,116021631,Schofields (West) - Colebee,New South Wales,NSW,150.864006,-33.713442,210
2026-06,116021632,Schofields - East,New South Wales,NSW,150.887737,-33.69404,635
2026-06,116021633,Stanhope Gardens - Parklea,New South Wales,NSW,150.926847,-33.717486,215
2026-06,116031313,Bidwill - Hebersham - Emerton,New South Wales,NSW,150.815867,-33.740957,1535
2026-06,116031314,Glendenning - Dean Park,New South Wales,NSW,150.85583,-33.745259,260
2026-06,116031315,Hassall Grove - Plumpton,New South Wales,NSW,150.837762,-33.743092,820
2026-06,116031316,Lethbridge Park - Tregear,New South Wales,NSW,150.790419,-33.733614,1600
2026-06,116031317,Mount Druitt - Whalan,New South Wales,NSW,150.814149,-33.765077,1645
2026-06,116031318,Prospect Reservoir,New South Wales,NSW,150.859706,-33.808326,0
2026-06,116031319,Rooty Hill - Minchinbury,New South Wales,NSW,150.845628,-33.779526,815
2026-06,117011320,Banksmeadow,New South Wales,NSW,151.214895,-33.956761,5
2026-06,117011321,Botany,New South Wales,NSW,151.200018,-33.95084,245
2026-06,117011323,Pagewood - Hillsdale - Daceyville,New South Wales,NSW,151.216976,-33.94144,370
2026-06,117011324,Port Botany Industrial,New South Wales,NSW,151.223638,-33.97194,5
2026-06,117011325,Sydney Airport,New South Wales,NSW,151.179081,-33.94953,0
2026-06,117011634,Eastlakes,New South Wales,NSW,151.214347,-33.930787,340
2026-06,117011635,Mascot,New South Wales,NSW,151.194804,-33.929431,300
2026-06,117021327,Petersham - Stanmore,New South Wales,NSW,151.161606,-33.89621,670
2026-06,117021328,Sydenham - Tempe - St Peters,New South Wales,NSW,151.16854,-33.920464,210
2026-06,117021636,Marrickville - North,New South Wales,NSW,151.160165,-33.906737,415
2026-06,117021637,Marrickville - South,New South Wales,NSW,151.151579,-33.916709,585
2026-06,117031329,Darlinghurst,New South Wales,NSW,151.218993,-33.87939,375
2026-06,117031330,Erskineville - Alexandria,New South Wales,NSW,151.192046,-33.908092,355
2026-06,117031331,Glebe - Forest Lodge,New South Wales,NSW,151.185936,-33.878884,835
2026-06,117031333,Potts Point - Woolloomooloo,New South Wales,NSW,151.225573,-33.867359,665
2026-06,117031336,Surry Hills,New South Wales,NSW,151.212738,-33.884329,645
2026-06,117031638,Camperdown - Darlington,New South Wales,NSW,151.185313,-33.889803,165
2026-06,117031639,Chippendale,New South Wales,NSW,151.200142,-33.886206,135
2026-06,117031640,Newtown (NSW),New South Wales,NSW,151.178084,-33.899898,490
2026-06,117031641,Pyrmont,New South Wales,NSW,151.19266,-33.869269,280
2026-06,117031642,Redfern,New South Wales,NSW,151.202588,-33.894227,945
2026-06,117031643,Rosebery - Beaconsfield,New South Wales,NSW,151.206145,-33.916268,155
2026-06,117031644,Sydney (North) - Millers Point,New South Wales,NSW,151.210819,-33.865186,205
2026-06,117031645,Sydney (South) - Haymarket,New South Wales,NSW,151.205681,-33.877123,210
2026-06,117031646,Ultimo,New South Wales,NSW,151.197795,-33.879395,160
2026-06,117031647,Waterloo,New South Wales,NSW,151.207848,-33.900265,820
2026-06,117031648,Zetland,New South Wales,NSW,151.208124,-33.907676,130
2026-06,118011339,Bondi - Tamarama - Bronte,New South Wales,NSW,151.265595,-33.899556,250
2026-06,118011340,Bondi Beach - North Bondi,New South Wales,NSW,151.275652,-33.887451,290
2026-06,118011341,Bondi Junction - Waverly,New South Wales,NSW,151.250969,-33.898356,240
2026-06,118011342,Centennial Park,New South Wales,NSW,151.234785,-33.897937,0
2026-06,118011344,Dover Heights,New South Wales,NSW,151.280026,-33.870194,120
2026-06,118011345,Paddington - Moore Park,New South Wales,NSW,151.224906,-33.890861,250
2026-06,118011346,Rose Bay - Vaucluse - Watsons Bay,New South Wales,NSW,151.274663,-33.858926,90
2026-06,118011347,Woollahra,New South Wales,NSW,151.241664,-33.885736,80
2026-06,118011649,Bellevue Hill,New South Wales,NSW,151.253293,-33.876478,135
2026-06,118011650,Double Bay - Darling Point,New South Wales,NSW,151.237681,-33.876407,140
2026-06,118021564,Kensington (NSW),New South Wales,NSW,151.219112,-33.91281,175
2026-06,118021565,Kingsford,New South Wales,NSW,151.2339,-33.926072,255
2026-06,118021566,Maroubra - North,New South Wales,NSW,151.250692,-33.939141,115
2026-06,118021567,Maroubra - South,New South Wales,NSW,151.249331,-33.949565,375
2026-06,118021568,Maroubra - West,New South Wales,NSW,151.233572,-33.943814,145
2026-06,118021569,Randwick - North,New South Wales,NSW,151.24455,-33.90855,210
2026-06,118021570,Randwick - South,New South Wales,NSW,151.242113,-33.919304,185
2026-06,118021651,Coogee - Clovelly,New South Wales,NSW,151.255784,-33.917592,205
2026-06,118021652,Malabar - La Perouse,New South Wales,NSW,151.250648,-33.976813,290
2026-06,118021653,Matraville - Chifley,New South Wales,NSW,151.237203,-33.964817,330
2026-06,118021654,South Coogee,New South Wales,NSW,151.255219,-33.932196,190
2026-06,119011354,Bass Hill - Georges Hall,New South Wales,NSW,150.990259,-33.899469,1275
2026-06,119011355,Chullora,New South Wales,NSW,151.040132,-33.894383,40
2026-06,119011356,Condell Park,New South Wales,NSW,150.999809,-33.92831,530
2026-06,119011358,Padstow,New South Wales,NSW,151.031466,-33.958668,510
2026-06,119011360,Revesby,New South Wales,NSW,151.015749,-33.954247,565
2026-06,119011361,Yagoona - Birrong,New South Wales,NSW,151.02214,-33.901258,1130
2026-06,119011571,Bankstown - North,New South Wales,NSW,151.028708,-33.91325,965
2026-06,119011572,Bankstown - South,New South Wales,NSW,151.029574,-33.929079,985
2026-06,119011655,Greenacre - North,New South Wales,NSW,151.05959,-33.896326,705
2026-06,119011656,Greenacre - South,New South Wales,NSW,151.057589,-33.91134,660
2026-06,119011657,Panania (North) - Milperra,New South Wales,NSW,150.988421,-33.946702,265
2026-06,119011658,Panania (South) - Picnic Point,New South Wales,NSW,151.003307,-33.968424,370
2026-06,119021362,Belmore - Belfield,New South Wales,NSW,151.087609,-33.913843,740
2026-06,119021366,Punchbowl,New South Wales,NSW,151.051531,-33.930165,1105
2026-06,119021367,Roselands,New South Wales,NSW,151.074615,-33.93426,500
2026-06,119021573,Lakemba,New South Wales,NSW,151.075616,-33.918258,880
2026-06,119021574,Wiley Park,New South Wales,NSW,151.066863,-33.923395,470
2026-06,119021659,Campsie - North,New South Wales,NSW,151.104319,-33.908002,445
2026-06,119021660,Campsie - South,New South Wales,NSW,151.104031,-33.91521,355
2026-06,119021661,Canterbury - South,New South Wales,NSW,151.109651,-33.91907,385
2026-06,119021662,Earlwood,New South Wales,NSW,151.131708,-33.924729,370
2026-06,119021663,Kingsgrove - North,New South Wales,NSW,151.096398,-33.936783,165
2026-06,119031370,Narwee - Beverly Hills,New South Wales,NSW,151.07734,-33.949183,420
2026-06,119031371,Oatley - Hurstville Grove,New South Wales,NSW,151.087844,-33.979883,185
2026-06,119031372,Peakhurst - Lugarno,New South Wales,NSW,151.051381,-33.971809,475
2026-06,119031373,Riverwood,New South Wales,NSW,151.053671,-33.949197,650
2026-06,119031374,South Hurstville - Blakehurst,New South Wales,NSW,151.107635,-33.983068,495
2026-06,119031664,Hurstville - Central,New South Wales,NSW,151.107905,-33.964499,315
2026-06,119031665,Hurstville - North,New South Wales,NSW,151.097852,-33.957105,325
2026-06,119031666,Mortdale - Oatley,New South Wales,NSW,151.06766,-33.974626,275
2026-06,119031667,Penshurst,New South Wales,NSW,151.080796,-33.96032,235
2026-06,119041377,Kingsgrove (South) - Bardwell Park,New South Wales,NSW,151.111222,-33.940917,305
2026-06,119041378,Kogarah,New South Wales,NSW,151.13612,-33.968245,260
2026-06,119041379,Kogarah Bay - Carlton - Allawah,New South Wales,NSW,151.125134,-33.977743,375
2026-06,119041380,Monterey - Brighton-le-Sands - Kyeemagh,New South Wales,NSW,151.152213,-33.962362,380
2026-06,119041381,Rockdale - Banksia,New South Wales,NSW,151.141497,-33.953286,555
2026-06,119041382,Sans Souci - Ramsgate,New South Wales,NSW,151.137985,-33.992125,360
2026-06,119041668,Arncliffe - Bardwell Valley,New South Wales,NSW,151.136533,-33.936906,480
2026-06,119041669,Bexley - North,New South Wales,NSW,151.114204,-33.951075,310
2026-06,119041670,Bexley - South,New South Wales,NSW,151.125556,-33.959262,425
2026-06,119041671,Wolli Creek,New South Wales,NSW,151.152945,-33.93166,120
2026-06,120011383,Concord - Mortlake - Cabarita,New South Wales,NSW,151.105712,-33.852031,305
2026-06,120011385,Drummoyne - Rodd Point,New South Wales,NSW,151.151066,-33.855449,215
2026-06,120011386,Five Dock - Abbotsford,New South Wales,NSW,151.13153,-33.858952,330
2026-06,120011672,Concord West - North Strathfield,New South Wales,NSW,151.087696,-33.848831,225
2026-06,120011673,Rhodes,New South Wales,NSW,151.086502,-33.830009,170
2026-06,120021387,Balmain,New South Wales,NSW,151.177804,-33.855065,270
2026-06,120021389,Lilyfield - Rozelle,New South Wales,NSW,151.166468,-33.866202,405
2026-06,120021674,Annandale (NSW),New South Wales,NSW,151.171698,-33.879792,225
2026-06,120021675,Leichhardt,New South Wales,NSW,151.155964,-33.881447,400
2026-06,120031392,Canterbury (North) - Ashbury,New South Wales,NSW,151.117023,-33.905831,300
2026-06,120031393,Croydon Park - Enfield,New South Wales,NSW,151.103511,-33.894582,450
2026-06,120031394,Dulwich Hill - Lewisham,New South Wales,NSW,151.140159,-33.901662,485
2026-06,120031395,Haberfield - Summer Hill,New South Wales,NSW,151.140795,-33.885234,305
2026-06,120031396,Homebush,New South Wales,NSW,151.072878,-33.86076,475
2026-06,120031576,Strathfield South,New South Wales,NSW,151.074322,-33.896587,95
2026-06,120031676,Ashfield - North,New South Wales,NSW,151.126649,-33.881833,365
2026-06,120031677,Ashfield - South,New South Wales,NSW,151.128736,-33.89617,410
2026-06,120031678,Burwood (NSW),New South Wales,NSW,151.101983,-33.878297,320
2026-06,120031679,Croydon,New South Wales,NSW,151.114502,-33.878829,265
2026-06,120031680,Strathfield - East,New South Wales,NSW,151.091341,-33.879126,285
2026-06,120031681,Strathfield - West,New South Wales,NSW,151.075037,-33.8791,130
2026-06,121011399,Chatswood (West) - Lane Cove North,New South Wales,NSW,151.161709,-33.800804,295
2026-06,121011401,St Leonards - Naremburn,New South Wales,NSW,151.195698,-33.819305,185
2026-06,121011682,Artarmon,New South Wales,NSW,151.186066,-33.807592,140
2026-06,121011683,Castle Cove - Northbridge,New South Wales,NSW,151.220229,-33.798384,75
2026-06,121011684,Chatswood - East,New South Wales,NSW,151.18755,-33.793728,260
2026-06,121011685,Greenwich - Riverview,New South Wales,NSW,151.186509,-33.829987,105
2026-06,121011686,Lane Cove,New South Wales,NSW,151.161764,-33.816245,190
2026-06,121011687,Willoughby,New South Wales,NSW,151.202667,-33.801577,155
2026-06,121021403,Asquith - Mount Colah,New South Wales,NSW,151.124401,-33.656589,355
2026-06,121021404,Berowra - Brooklyn - Cowan,New South Wales,NSW,151.191087,-33.579303,145
2026-06,121021406,Normanhurst - Thornleigh - Westleigh,New South Wales,NSW,151.075185,-33.716444,225
2026-06,121021577,Hornsby - East,New South Wales,NSW,151.101986,-33.704577,290
2026-06,121021578,Hornsby - West,New South Wales,NSW,151.090407,-33.697784,190
2026-06,121021579,Wahroonga (West) - Waitara,New South Wales,NSW,151.108941,-33.710664,180
2026-06,121031407,Gordon - Killara,New South Wales,NSW,151.162562,-33.762971,245
2026-06,121031408,Lindfield - Roseville,New South Wales,NSW,151.181679,-33.776452,205
2026-06,121031409,Pymble,New South Wales,NSW,151.130825,-33.752617,165
2026-06,121031410,St Ives,New South Wales,NSW,151.169166,-33.719986,160
2026-06,121031411,Turramurra,New South Wales,NSW,151.149691,-33.711077,150
2026-06,121031412,Wahroonga (East) - Warrawee,New South Wales,NSW,151.128122,-33.715167,175
2026-06,121041413,Cremorne - Cammeray,New South Wales,NSW,151.226105,-33.832604,205
2026-06,121041414,Crows Nest - Waverton,New South Wales,NSW,151.197072,-33.833936,275
2026-06,121041416,Neutral Bay - Kirribilli,New South Wales,NSW,151.217878,-33.840149,265
2026-06,121041417,North Sydney - Lavender Bay,New South Wales,NSW,151.206273,-33.839621,160
2026-06,121041688,Mosman - North,New South Wales,NSW,151.242842,-33.818267,110
2026-06,121041689,Mosman - South,New South Wales,NSW,151.244811,-33.838567,120
2026-06,122011418,Balgowlah - Clontarf - Seaforth,New South Wales,NSW,151.252644,-33.797927,180
2026-06,122011419,Manly - Fairlight,New South Wales,NSW,151.293496,-33.803381,250
2026-06,122021420,Avalon - Palm Beach,New South Wales,NSW,151.328886,-33.610516,135
2026-06,122021421,Bayview - Elanora Heights,New South Wales,NSW,151.258935,-33.642164,110
2026-06,122021422,Newport - Bilgola,New South Wales,NSW,151.313678,-33.653316,150
2026-06,122021690,Mona Vale - Warriewood (North),New South Wales,NSW,151.297929,-33.676834,155
2026-06,122021691,North Narrabeen - Warriewood (South),New South Wales,NSW,151.297888,-33.698583,135
2026-06,122031424,Beacon Hill - Narraweena,New South Wales,NSW,151.263996,-33.751925,245
2026-06,122031425,Cromer,New South Wales,NSW,151.266229,-33.731848,90
2026-06,122031427,Forestville - Killarney Heights,New South Wales,NSW,151.216129,-33.766795,140
2026-06,122031429,Freshwater - Brookvale,New South Wales,NSW,151.280721,-33.770465,290
2026-06,122031430,Manly Vale - Allambie Heights,New South Wales,NSW,151.25135,-33.773461,195
2026-06,122031432,Terrey Hills - Duffys Forest,New South Wales,NSW,151.211209,-33.667026,40
2026-06,122031692,Belrose,New South Wales,NSW,151.209528,-33.721386,75
2026-06,122031693,Collaroy - Collaroy Plateau,New South Wales,NSW,151.296753,-33.735134,160
2026-06,122031694,Dee Why (South) - North Curl Curl,New South Wales,NSW,151.291155,-33.76052,125
2026-06,122031695,Dee Why - North,New South Wales,NSW,151.287641,-33.750742,340
2026-06,122031696,Frenchs Forest - Oxford Falls,New South Wales,NSW,151.241183,-33.740399,165
2026-06,122031697,Narrabeen - Wheeler Heights,New South Wales,NSW,151.283766,-33.718532,120
2026-06,123011433,Camden - Ellis Lane,New South Wales,NSW,150.679732,-34.060524,190
2026-06,123011698,Currans Hill,New South Wales,NSW,150.765779,-34.04206,190
2026-06,123011699,Elderslie - Narellan,New South Wales,NSW,150.721774,-34.042475,280
2026-06,123011700,Harrington Park,New South Wales,NSW,150.741476,-34.026073,165
2026-06,123011701,Mount Annan,New South Wales,NSW,150.763513,-34.062804,435
2026-06,123011702,Spring Farm,New South Wales,NSW,150.725834,-34.069475,165
2026-06,123021436,Bradbury - Wedderburn,New South Wales,NSW,150.827987,-34.121983,1090
2026-06,123021437,Campbelltown - Woodbine,New South Wales,NSW,150.80912,-34.057423,1255
2026-06,123021438,Claymore - Eagle Vale - Raby,New South Wales,NSW,150.806884,-34.024829,810
2026-06,123021439,Holsworthy Military Area,New South Wales,NSW,150.87239,-34.106545,0
2026-06,123021441,Leumeah - Minto Heights,New South Wales,NSW,150.857665,-34.05263,735
2026-06,123021443,Minto - St Andrews,New South Wales,NSW,150.843636,-34.031042,930
2026-06,123021444,Rosemeadow - Glen Alpine,New South Wales,NSW,150.778666,-34.123554,905
2026-06,123021703,Denham Court - Bardia,New South Wales,NSW,150.836359,-33.981692,355
2026-06,123021704,Glenfield,New South Wales,NSW,150.893026,-33.971066,325
2026-06,123021705,Ingleburn,New South Wales,NSW,150.861847,-33.999854,710
2026-06,123021706,Macquarie Fields,New South Wales,NSW,150.896346,-33.999268,850
2026-06,123031445,Bargo,New South Wales,NSW,150.594254,-34.279074,145
2026-06,123031446,Douglas Park - Appin,New South Wales,NSW,150.741254,-34.178518,220
2026-06,123031447,Picton - Tahmoor - Buxton,New South Wales,NSW,150.549601,-34.201941,565
2026-06,123031448,The Oaks - Oakdale,New South Wales,NSW,150.543261,-34.045248,135
2026-06,124011449,Blackheath - Megalong Valley,New South Wales,NSW,150.270384,-33.646071,225
2026-06,124011450,Blaxland - Warrimoo - Lapstone,New South Wales,NSW,150.616892,-33.747053,270
2026-06,124011451,Blue Mountains - North,New South Wales,NSW,150.438766,-33.601603,5
2026-06,124011452,Katoomba - Leura,New South Wales,NSW,150.310777,-33.701647,625
2026-06,124011453,Lawson - Hazelbrook - Linden,New South Wales,NSW,150.449867,-33.723755,310
2026-06,124011454,Springwood - Winmalee,New South Wales,NSW,150.593033,-33.691872,345
2026-06,124011455,Wentworth Falls,New South Wales,NSW,150.388665,-33.729113,145
2026-06,124021456,Blue Mountains - South,New South Wales,NSW,150.208938,-34.007886,5
2026-06,124031457,Cambridge Park,New South Wales,NSW,150.734537,-33.744841,550
2026-06,124031459,Emu Plains - Leonay,New South Wales,NSW,150.660943,-33.748012,260
2026-06,124031460,Glenmore Park - Regentville,New South Wales,NSW,150.679331,-33.784531,360
2026-06,124031461,Jamisontown - South Penrith,New South Wales,NSW,150.690358,-33.772035,580
2026-06,124031462,Kingswood - Werrington,New South Wales,NSW,150.738589,-33.765128,1170
2026-06,124031463,Mulgoa - Luddenham - Orchard Hills,New South Wales,NSW,150.679748,-33.836498,200
2026-06,124031464,Penrith,New South Wales,NSW,150.698384,-33.746824,1110
2026-06,124031465,Warragamba - Silverdale,New South Wales,NSW,150.604281,-33.910864,120
2026-06,124031707,Cranebrook - Castlereagh,New South Wales,NSW,150.69045,-33.687589,570
2026-06,124031708,Jordan Springs - Llandilo,New South Wales,NSW,150.745053,-33.712219,260
2026-06,124041466,Richmond - Clarendon,New South Wales,NSW,150.757634,-33.585958,470
2026-06,124041467,Windsor - Bligh Park,New South Wales,NSW,150.80334,-33.637997,570
2026-06,124041468,Yarramundi - Londonderry,New South Wales,NSW,150.748401,-33.652413,185
2026-06,124051469,Erskine Park,New South Wales,NSW,150.800925,-33.809092,185
2026-06,124051470,St Clair,New South Wales,NSW,150.786498,-33.797932,635
2026-06,124051580,Colyton - Oxley Park,New South Wales,NSW,150.794732,-33.777826,630
2026-06,124051581,St Marys - North St Marys,New South Wales,NSW,150.779628,-33.759495,1295
2026-06,125011475,Rookwood Cemetery,New South Wales,NSW,151.055918,-33.874478,0
2026-06,125011582,Auburn - Central,New South Wales,NSW,151.026021,-33.850546,850
2026-06,125011583,Auburn - North,New South Wales,NSW,151.03554,-33.844759,360
2026-06,125011584,Auburn - South,New South Wales,NSW,151.01952,-33.870602,440
2026-06,125011585,Berala,New South Wales,NSW,151.033579,-33.874786,405
2026-06,125011586,Lidcombe,New South Wales,NSW,151.041913,-33.865028,660
2026-06,125011587,Regents Park,New South Wales,NSW,151.026064,-33.883255,235
2026-06,125011709,Silverwater - Newington,New South Wales,NSW,151.046401,-33.835228,170
2026-06,125011710,Wentworth Point - Sydney Olympic Park,New South Wales,NSW,151.068957,-33.839098,485
2026-06,125021477,Ermington - Rydalmere,New South Wales,NSW,151.047481,-33.810074,775
2026-06,125021478,Oatlands - Dundas Valley,New South Wales,NSW,151.04091,-33.794737,635
2026-06,125021711,Carlingford - East,New South Wales,NSW,151.055476,-33.774274,170
2026-06,125021712,Carlingford - West,New South Wales,NSW,151.041137,-33.774022,440
2026-06,125031479,Chester Hill - Sefton,New South Wales,NSW,150.996535,-33.881299,1175
2026-06,125031480,Fairfield - East,New South Wales,NSW,150.972877,-33.873956,1175
2026-06,125031481,Granville - Clyde,New South Wales,NSW,151.004111,-33.839574,1160
2026-06,125031483,Guildford - South Granville,New South Wales,NSW,151.001496,-33.862188,1595
2026-06,125031484,Guildford West - Merrylands West,New South Wales,NSW,150.967281,-33.84462,1330
2026-06,125031486,Smithfield Industrial,New South Wales,NSW,150.94659,-33.844632,5
2026-06,125031487,Yennora Industrial,New South Wales,NSW,150.96872,-33.861122,5
2026-06,125031713,Greystanes - South,New South Wales,NSW,150.946957,-33.827828,460
2026-06,125031714,Merrylands - Holroyd,New South Wales,NSW,150.985971,-33.833573,1510
2026-06,125031715,Pemulwuy - Greystanes (North),New South Wales,NSW,150.921261,-33.823751,275
2026-06,125031716,South Wentworthville,New South Wales,NSW,150.966867,-33.824542,335
2026-06,125041489,North Parramatta,New South Wales,NSW,151.006122,-33.79761,825
2026-06,125041490,North Rocks,New South Wales,NSW,151.018244,-33.774843,105
2026-06,125041491,Northmead,New South Wales,NSW,150.99469,-33.788307,430
2026-06,125041493,Toongabbie - Constitution Hill,New South Wales,NSW,150.969841,-33.792277,600
2026-06,125041494,Winston Hills,New South Wales,NSW,150.978583,-33.776937,145
2026-06,125041588,Pendle Hill - Girraween,New South Wales,NSW,150.948283,-33.803314,415
2026-06,125041589,Wentworthville - Westmead,New South Wales,NSW,150.97794,-33.813978,670
2026-06,125041717,Parramatta - North,New South Wales,NSW,150.998943,-33.811779,375
2026-06,125041718,Parramatta - South,New South Wales,NSW,150.998234,-33.823223,400
2026-06,125041719,Rosehill - Harris Park,New South Wales,NSW,151.028062,-33.824714,320
2026-06,126011496,Pennant Hills - Cheltenham,New South Wales,NSW,151.066897,-33.74169,280
2026-06,126011720,Epping (East) - North Epping,New South Wales,NSW,151.089337,-33.767567,210
2026-06,126011721,Epping (NSW) - West,New South Wales,NSW,151.070592,-33.77252,320
2026-06,126021498,Gladesville - Huntleys Point,New South Wales,NSW,151.122744,-33.829405,265
2026-06,126021499,Hunters Hill - Woolwich,New South Wales,NSW,151.138485,-33.829839,120
2026-06,126021500,Macquarie Park - Marsfield,New South Wales,NSW,151.117245,-33.778759,470
2026-06,126021501,North Ryde - East Ryde,New South Wales,NSW,151.131657,-33.800606,240
2026-06,126021503,West Ryde - Meadowbank,New South Wales,NSW,151.086293,-33.808654,465
2026-06,126021590,Putney,New South Wales,NSW,151.107885,-33.826811,40
2026-06,126021722,Denistone,New South Wales,NSW,151.090768,-33.797922,85
2026-06,126021723,Eastwood,New South Wales,NSW,151.084522,-33.788391,395
2026-06,126021724,Ryde - North,New South Wales,NSW,151.114277,-33.805659,475
2026-06,126021725,Ryde - South,New South Wales,NSW,151.109948,-33.819322,175
2026-06,127011504,Ashcroft - Busby - Miller,New South Wales,NSW,150.889259,-33.914839,1615
2026-06,127011505,Austral - Greendale,New South Wales,NSW,150.73876,-33.917122,690
2026-06,127011592,Badgerys Creek,New South Wales,NSW,150.717983,-33.893057,0
2026-06,127011593,Cecil Hills,New South Wales,NSW,150.848258,-33.888613,175
2026-06,127011594,Green Valley,New South Wales,NSW,150.869877,-33.902952,610
2026-06,127011595,Hinchinbrook,New South Wales,NSW,150.861739,-33.912215,485
2026-06,127011596,Hoxton Park - Carnes Hill - Horningsea Park,New South Wales,NSW,150.851455,-33.935208,455
2026-06,127011597,West Hoxton - Middleton Grange,New South Wales,NSW,150.83567,-33.926874,520
2026-06,127011726,Cobbitty - Bringelly,New South Wales,NSW,150.696568,-33.994664,135
2026-06,127011727,Gledswood Hills - Gregory Hills,New South Wales,NSW,150.775746,-34.016312,310
2026-06,127011728,Leppington - Catherine Field,New South Wales,NSW,150.781958,-33.980212,475
2026-06,127011729,Oran Park,New South Wales,NSW,150.743841,-33.990477,485
2026-06,127021509,Bonnyrigg Heights - Bonnyrigg,New South Wales,NSW,150.879545,-33.893216,940
2026-06,127021510,Bossley Park - Abbotsbury,New South Wales,NSW,150.874976,-33.865227,815
2026-06,127021511,Cabramatta - Lansvale,New South Wales,NSW,150.938487,-33.899686,1600
2026-06,127021512,Cabramatta West - Mount Pritchard,New South Wales,NSW,150.905388,-33.900252,1140
2026-06,127021513,Canley Vale - Canley Heights,New South Wales,NSW,150.931152,-33.88401,1420
2026-06,127021514,Edensor Park,New South Wales,NSW,150.876805,-33.878949,485
2026-06,127021515,Fairfield,New South Wales,NSW,150.953989,-33.868859,1490
2026-06,127021516,Fairfield - West,New South Wales,NSW,150.927589,-33.870218,1335
2026-06,127021517,Greenfield Park - Prairiewood,New South Wales,NSW,150.898591,-33.869518,425
2026-06,127021518,Horsley Park - Kemps Creek,New South Wales,NSW,150.817841,-33.85073,85
2026-06,127021519,Smithfield - Wetherill Park,New South Wales,NSW,150.921006,-33.852165,1045
2026-06,127021520,St Johns Park - Wakeley,New South Wales,NSW,150.906053,-33.877896,510
2026-06,127021521,Wetherill Park Industrial,New South Wales,NSW,150.901266,-33.83927,10
2026-06,127031522,Casula,New South Wales,NSW,150.896176,-33.951958,665
2026-06,127031523,Chipping Norton - Moorebank,New South Wales,NSW,150.952793,-33.923393,605
2026-06,127031524,Holsworthy - Wattle Grove,New South Wales,NSW,150.950925,-33.989992,340
2026-06,127031599,Lurnea - Cartwright,New South Wales,NSW,150.897874,-33.933666,1015
2026-06,127031601,Warwick Farm,New South Wales,NSW,150.93802,-33.914623,465
2026-06,127031730,Edmondson Park,New South Wales,NSW,150.859849,-33.964032,325
2026-06,127031731,Liverpool - East,New South Wales,NSW,150.922896,-33.926794,1390
2026-06,127031732,Liverpool - West,New South Wales,NSW,150.912244,-33.920898,895
2026-06,127031733,Prestons,New South Wales,NSW,150.871189,-33.941522,465
2026-06,128011529,Gymea - Grays Point,New South Wales,NSW,151.085362,-34.044642,165
2026-06,128011530,Miranda - Yowie Bay,New South Wales,NSW,151.101714,-34.039541,395
2026-06,128011531,Sylvania - Taren Point,New South Wales,NSW,151.1032,-34.012185,270
2026-06,128011602,Caringbah,New South Wales,NSW,151.124909,-34.035973,290
2026-06,128011603,Caringbah South,New South Wales,NSW,151.121447,-34.053111,95
2026-06,128011604,Cronulla - Kurnell - Bundeena,New South Wales,NSW,151.208722,-34.036916,410
2026-06,128011605,Lilli Pilli - Port Hacking - Dolans Bay,New South Wales,NSW,151.120297,-34.066032,15
2026-06,128011606,Woolooware - Burraneer,New South Wales,NSW,151.137431,-34.054812,110
2026-06,128021533,Heathcote - Waterfall,New South Wales,NSW,150.977784,-34.103916,60
2026-06,128021534,Illawong - Alfords Point,New South Wales,NSW,151.02611,-33.993401,120
2026-06,128021535,Menai - Lucas Heights - Woronora,New South Wales,NSW,151.012521,-34.019816,265
2026-06,128021536,Oyster Bay - Como - Jannali,New South Wales,NSW,151.062551,-34.011264,245
2026-06,128021537,Royal National Park,New South Wales,NSW,151.074878,-34.106288,0
2026-06,128021538,Sutherland - Kirrawee,New South Wales,NSW,151.061038,-34.033893,520
2026-06,128021607,Engadine,New South Wales,NSW,151.007924,-34.057738,210
2026-06,128021608,Loftus - Yarrawarrah,New South Wales,NSW,151.041773,-34.049572,85
2026-06,128021609,Woronora Heights,New South Wales,NSW,151.029972,-34.033485,40
2026-06,201011001,Alfredton,Victoria,VIC,143.744414,-37.538827,495
2026-06,201011002,Ballarat,Victoria,VIC,143.837727,-37.556639,490
2026-06,201011005,Buninyong,Victoria,VIC,143.886373,-37.64538,165
2026-06,201011006,Delacombe,Victoria,VIC,143.784314,-37.586045,620
2026-06,201011007,Smythes Creek,Victoria,VIC,143.782965,-37.620379,115
2026-06,201011008,Wendouree - Miners Rest,Victoria,VIC,143.800376,-37.493447,990
2026-06,201011481,Ballarat East - Warrenheip,Victoria,VIC,143.914532,-37.573182,555
2026-06,201011482,Ballarat North - Invermay,Victoria,VIC,143.896127,-37.515703,460
2026-06,201011483,Canadian - Mount Clear,Victoria,VIC,143.876096,-37.59266,580
2026-06,201011484,Sebastopol - Redan,Victoria,VIC,143.838348,-37.596911,940
2026-06,201021009,Bacchus Marsh Surrounds,Victoria,VIC,144.249583,-37.642333,185
2026-06,201021010,Creswick - Clunes,Victoria,VIC,143.820208,-37.357903,300
2026-06,201021011,Daylesford,Victoria,VIC,144.180519,-37.311874,350
2026-06,201021012,Gordon (Vic.),Victoria,VIC,144.050949,-37.634983,195
2026-06,201031013,Avoca,Victoria,VIC,143.334813,-37.146724,185
2026-06,201031014,Beaufort,Victoria,VIC,143.438052,-37.471514,210
2026-06,201031015,Golden Plains - North,Victoria,VIC,143.569613,-37.798381,180
2026-06,201031016,Maryborough (Vic.),Victoria,VIC,143.730202,-37.050183,570
2026-06,201031017,Maryborough Surrounds,Victoria,VIC,143.705644,-36.967782,380
2026-06,202011018,Bendigo,Victoria,VIC,144.266438,-36.74815,1025
2026-06,202011019,California Gully - Eaglehawk,Victoria,VIC,144.257165,-36.707433,735
2026-06,202011020,East Bendigo - Kennington,Victoria,VIC,144.308398,-36.75617,440
2026-06,202011021,Flora Hill - Spring Gully,Victoria,VIC,144.288446,-36.790005,370
2026-06,202011022,Kangaroo Flat - Golden Square,Victoria,VIC,144.239045,-36.804944,945
2026-06,202011023,Maiden Gully,Victoria,VIC,144.203975,-36.751968,70
2026-06,202011024,Strathfieldsaye,Victoria,VIC,144.356935,-36.783468,160
2026-06,202011025,White Hills - Ascot,Victoria,VIC,144.323476,-36.684861,520
2026-06,202021026,Bendigo Surrounds - South,Victoria,VIC,144.124524,-36.809552,175
2026-06,202021027,Castlemaine,Victoria,VIC,144.241493,-37.08585,365
2026-06,202021028,Castlemaine Surrounds,Victoria,VIC,144.417176,-37.061602,330
2026-06,202021029,Heathcote,Victoria,VIC,144.671852,-36.867907,295
2026-06,202021030,Kyneton,Victoria,VIC,144.466425,-37.242634,215
2026-06,202021031,Woodend,Victoria,VIC,144.519386,-37.356968,120
2026-06,202031032,Bendigo Surrounds - North,Victoria,VIC,144.336392,-36.59009,190
2026-06,202031033,Loddon,Victoria,VIC,143.867002,-36.385965,400
2026-06,203011034,Bannockburn,Victoria,VIC,144.177882,-38.061641,155
2026-06,203011035,Golden Plains - South,Victoria,VIC,143.947909,-37.959886,200
2026-06,203011036,Winchelsea,Victoria,VIC,144.082993,-38.283408,175
2026-06,203021037,Belmont,Victoria,VIC,144.343858,-38.179804,485
2026-06,203021039,Geelong,Victoria,VIC,144.367894,-38.162944,680
2026-06,203021040,Geelong West - Hamlyn Heights,Victoria,VIC,144.300213,-38.125738,665
2026-06,203021042,Highton,Victoria,VIC,144.288606,-38.17638,445
2026-06,203021043,Lara,Victoria,VIC,144.356185,-37.946364,700
2026-06,203021044,Leopold,Victoria,VIC,144.469954,-38.196589,345
2026-06,203021045,Newcomb - Moolap,Victoria,VIC,144.417637,-38.178298,865
2026-06,203021046,Newtown (Vic.),Victoria,VIC,144.335969,-38.153533,205
2026-06,203021047,North Geelong - Bell Park,Victoria,VIC,144.33992,-38.104819,675
2026-06,203021485,Charlemont,Victoria,VIC,144.36768,-38.217624,355
2026-06,203021486,Corio - Lovely Banks,Victoria,VIC,144.303135,-38.050102,1420
2026-06,203021487,Grovedale - Mount Duneed,Victoria,VIC,144.290827,-38.22133,760
2026-06,203021488,Norlane,Victoria,VIC,144.363817,-38.093092,1025
2026-06,203031048,Clifton Springs,Victoria,VIC,144.571254,-38.169132,535
2026-06,203031049,Lorne - Anglesea,Victoria,VIC,144.029855,-38.448191,105
2026-06,203031051,Portarlington,Victoria,VIC,144.681753,-38.1637,435
2026-06,203031052,Point Lonsdale - Queenscliff,Victoria,VIC,144.61344,-38.242556,90
2026-06,203031053,Torquay,Victoria,VIC,144.267562,-38.321426,340
2026-06,203031489,Barwon Heads - Armstrong Creek,Victoria,VIC,144.421153,-38.25625,250
2026-06,203031490,Ocean Grove,Victoria,VIC,144.522275,-38.237974,335
2026-06,204011054,Alexandra,Victoria,VIC,145.834456,-37.281169,305
2026-06,204011055,Euroa,Victoria,VIC,145.5673,-36.724544,240
2026-06,204011056,Kilmore - Broadford,Victoria,VIC,144.996174,-37.25132,590
2026-06,204011057,Mansfield (Vic.),Victoria,VIC,146.284368,-37.225908,270
2026-06,204011058,Nagambie,Victoria,VIC,145.083975,-36.827999,200
2026-06,204011059,Seymour,Victoria,VIC,145.168207,-37.03115,465
2026-06,204011060,Seymour Surrounds,Victoria,VIC,144.822528,-37.028082,120
2026-06,204011061,Upper Yarra Valley,Victoria,VIC,145.970419,-37.677327,15
2026-06,204011062,Yea,Victoria,VIC,145.38147,-37.228554,150
2026-06,204021063,Benalla,Victoria,VIC,145.990993,-36.570443,515
2026-06,204021064,Benalla Surrounds,Victoria,VIC,146.1397,-36.597394,120
2026-06,204021065,Rutherglen,Victoria,VIC,146.387389,-36.064791,130
2026-06,204021066,Wangaratta,Victoria,VIC,146.306228,-36.354445,835
2026-06,204021067,Wangaratta Surrounds,Victoria,VIC,146.431837,-36.616185,255
2026-06,204031068,Beechworth,Victoria,VIC,146.721978,-36.353049,105
2026-06,204031069,Bright - Mount Beauty,Victoria,VIC,146.987431,-36.834031,175
2026-06,204031070,Chiltern - Indigo Valley,Victoria,VIC,146.644831,-36.136107,125
2026-06,204031071,Myrtleford,Victoria,VIC,146.81878,-36.56112,130
2026-06,204031072,Towong,Victoria,VIC,147.602587,-36.365876,220
2026-06,204031073,West Wodonga,Victoria,VIC,146.7854,-36.113447,605
2026-06,204031075,Yackandandah,Victoria,VIC,147.005189,-36.332999,80
2026-06,204031491,Baranduda - Leneva,Victoria,VIC,146.965555,-36.168716,235
2026-06,204031492,Wodonga,Victoria,VIC,146.885561,-36.114236,845
2026-06,205011076,Drouin,Victoria,VIC,145.826736,-38.122591,780
2026-06,205011077,Mount Baw Baw Region,Victoria,VIC,146.139393,-37.877381,180
2026-06,205011078,Trafalgar (Vic.),Victoria,VIC,146.118822,-38.204887,240
2026-06,205011079,Warragul,Victoria,VIC,145.932237,-38.210955,720
2026-06,205021080,Alps - East,Victoria,VIC,148.037313,-37.00131,5
2026-06,205021081,Bairnsdale,Victoria,VIC,147.641082,-37.823476,825
2026-06,205021082,Bruthen - Omeo,Victoria,VIC,147.563229,-37.317086,335
2026-06,205021083,Lake King,Victoria,VIC,147.730474,-37.888582,0
2026-06,205021084,Lakes Entrance,Victoria,VIC,147.942604,-37.833352,570
2026-06,205021085,Orbost,Victoria,VIC,148.773557,-37.338492,455
2026-06,205021086,Paynesville,Victoria,VIC,147.528478,-37.968295,275
2026-06,205031087,Foster,Victoria,VIC,146.007243,-38.695415,340
2026-06,205031088,French Island,Victoria,VIC,145.388674,-38.351075,15
2026-06,205031089,Korumburra,Victoria,VIC,145.781313,-38.416346,340
2026-06,205031090,Leongatha,Victoria,VIC,146.087828,-38.461352,320
2026-06,205031091,Phillip Island,Victoria,VIC,145.189167,-38.506648,495
2026-06,205031092,Wilsons Promontory,Victoria,VIC,146.351368,-38.957203,0
2026-06,205031093,Wonthaggi - Inverloch,Victoria,VIC,145.553987,-38.485044,1065
2026-06,205041094,Churchill,Victoria,VIC,146.40179,-38.373314,550
2026-06,205041095,Moe - Newborough,Victoria,VIC,146.297651,-38.197345,1245
2026-06,205041096,Morwell,Victoria,VIC,146.423457,-38.21015,1460
2026-06,205041098,Yallourn North - Glengarry,Victoria,VIC,146.559931,-38.071322,160
2026-06,205041493,Traralgon - East,Victoria,VIC,146.611644,-38.192054,625
2026-06,205041494,Traralgon - West,Victoria,VIC,146.511753,-38.207103,555
2026-06,205051099,Alps - West,Victoria,VIC,146.819411,-37.448806,5
2026-06,205051100,Longford - Loch Sport,Victoria,VIC,147.297479,-38.134885,325
2026-06,205051101,Maffra,Victoria,VIC,146.87643,-37.859972,490
2026-06,205051102,Rosedale,Victoria,VIC,146.8054,-38.176077,155
2026-06,205051103,Sale,Victoria,VIC,147.053534,-38.107368,740
2026-06,205051104,Yarram,Victoria,VIC,146.724466,-38.490225,320
2026-06,206011106,Brunswick East,Victoria,VIC,144.978291,-37.768632,480
2026-06,206011107,Brunswick West,Victoria,VIC,144.943819,-37.764337,675
2026-06,206011109,Pascoe Vale South,Victoria,VIC,144.940728,-37.74343,270
2026-06,206011495,Brunswick - North,Victoria,VIC,144.961691,-37.761555,600
2026-06,206011496,Brunswick - South,Victoria,VIC,144.96072,-37.771122,615
2026-06,206011497,Coburg - East,Victoria,VIC,144.972553,-37.745623,620
2026-06,206011498,Coburg - West,Victoria,VIC,144.955148,-37.743647,520
2026-06,206021110,Alphington - Fairfield,Victoria,VIC,145.025402,-37.774477,270
2026-06,206021112,Thornbury,Victoria,VIC,145.008591,-37.758568,730
2026-06,206021499,Northcote - East,Victoria,VIC,145.00668,-37.774773,450
2026-06,206021500,Northcote - West,Victoria,VIC,144.991525,-37.770993,340
2026-06,206031113,Ascot Vale,Victoria,VIC,144.922768,-37.779869,715
2026-06,206031115,Flemington,Victoria,VIC,144.930692,-37.783174,645
2026-06,206031116,Moonee Ponds,Victoria,VIC,144.919877,-37.765296,455
2026-06,206031501,Essendon (West) - Aberfeldie,Victoria,VIC,144.899672,-37.750019,360
2026-06,206031502,Essendon - East,Victoria,VIC,144.917859,-37.751218,295
2026-06,206041117,Carlton,Victoria,VIC,144.96929,-37.800033,910
2026-06,206041118,Docklands,Victoria,VIC,144.943252,-37.817544,325
2026-06,206041119,East Melbourne,Victoria,VIC,144.978937,-37.818731,115
2026-06,206041120,Flemington Racecourse,Victoria,VIC,144.913766,-37.787295,15
2026-06,206041121,Kensington (Vic.),Victoria,VIC,144.924616,-37.794906,525
2026-06,206041124,Parkville,Victoria,VIC,144.950116,-37.788698,235
2026-06,206041125,South Yarra - West,Victoria,VIC,144.981517,-37.839491,120
2026-06,206041127,West Melbourne - Industrial,Victoria,VIC,144.920359,-37.810776,5
2026-06,206041503,Melbourne CBD - East,Victoria,VIC,144.967958,-37.812458,290
2026-06,206041504,Melbourne CBD - North,Victoria,VIC,144.960949,-37.809171,390
2026-06,206041505,Melbourne CBD - West,Victoria,VIC,144.958768,-37.816876,710
2026-06,206041506,North Melbourne,Victoria,VIC,144.944251,-37.797527,955
2026-06,206041507,Royal Botanic Gardens Victoria,Victoria,VIC,144.976334,-37.826828,5
2026-06,206041508,Southbank (West) - South Wharf,Victoria,VIC,144.955189,-37.823982,155
2026-06,206041509,Southbank - East,Victoria,VIC,144.965626,-37.826038,330
2026-06,206041510,West Melbourne - Residential,Victoria,VIC,144.949769,-37.809176,275
2026-06,206051128,Albert Park,Victoria,VIC,144.961236,-37.84507,305
2026-06,206051129,Elwood,Victoria,VIC,144.985616,-37.88113,445
2026-06,206051130,Port Melbourne,Victoria,VIC,144.931304,-37.838837,420
2026-06,206051134,St Kilda East,Victoria,VIC,144.994026,-37.870703,630
2026-06,206051511,Port Melbourne Industrial,Victoria,VIC,144.911022,-37.834988,110
2026-06,206051512,South Melbourne,Victoria,VIC,144.960242,-37.835031,520
2026-06,206051513,St Kilda - Central,Victoria,VIC,144.986307,-37.864936,660
2026-06,206051514,St Kilda - West,Victoria,VIC,144.97655,-37.863154,700
2026-06,206061135,Armadale,Victoria,VIC,145.020009,-37.857892,180
2026-06,206061136,Prahran - Windsor,Victoria,VIC,144.997743,-37.853215,715
2026-06,206061138,Toorak,Victoria,VIC,145.018062,-37.84105,215
2026-06,206061515,South Yarra - North,Victoria,VIC,144.996481,-37.83513,280
2026-06,206061516,South Yarra - South,Victoria,VIC,144.994825,-37.843378,355
2026-06,206071139,Abbotsford,Victoria,VIC,145.000012,-37.803783,340
2026-06,206071140,Carlton North - Princes Hill,Victoria,VIC,144.96822,-37.785534,305
2026-06,206071141,Collingwood,Victoria,VIC,144.988203,-37.801915,635
2026-06,206071142,Fitzroy,Victoria,VIC,144.979154,-37.800947,680
2026-06,206071143,Fitzroy North,Victoria,VIC,144.985968,-37.783777,435
2026-06,206071145,Clifton Hill - Alphington,Victoria,VIC,145.002138,-37.791218,230
2026-06,206071517,Richmond (South) - Cremorne,Victoria,VIC,145.003166,-37.826024,390
2026-06,206071518,Richmond - North,Victoria,VIC,145.00244,-37.815009,725
2026-06,207011146,Ashburton (Vic.),Victoria,VIC,145.07946,-37.867072,160
2026-06,207011147,Balwyn,Victoria,VIC,145.081668,-37.809935,210
2026-06,207011148,Balwyn North,Victoria,VIC,145.084619,-37.790751,265
2026-06,207011149,Camberwell,Victoria,VIC,145.076718,-37.835896,250
2026-06,207011150,Glen Iris - East,Victoria,VIC,145.077113,-37.856451,180
2026-06,207011152,Hawthorn East,Victoria,VIC,145.0499,-37.832142,250
2026-06,207011154,Kew East,Victoria,VIC,145.052543,-37.790652,95
2026-06,207011155,Surrey Hills (West) - Canterbury,Victoria,VIC,145.083828,-37.824826,175
2026-06,207011519,Hawthorn - North,Victoria,VIC,145.0303,-37.818923,180
2026-06,207011520,Hawthorn - South,Victoria,VIC,145.035159,-37.832641,270
2026-06,207011521,Kew - South,Victoria,VIC,145.044471,-37.808496,125
2026-06,207011522,Kew - West,Victoria,VIC,145.035166,-37.799359,215
2026-06,207021156,Bulleen,Victoria,VIC,145.08851,-37.766963,225
2026-06,207021157,Doncaster,Victoria,VIC,145.121729,-37.782788,570
2026-06,207021159,Templestowe,Victoria,VIC,145.144904,-37.756279,280
2026-06,207021160,Templestowe Lower,Victoria,VIC,145.114094,-37.764191,260
2026-06,207021424,Doncaster East - North,Victoria,VIC,145.174258,-37.765981,250
2026-06,207021425,Doncaster East - South,Victoria,VIC,145.157747,-37.791537,330
2026-06,207031161,Blackburn,Victoria,VIC,145.152786,-37.815517,425
2026-06,207031162,Blackburn South,Victoria,VIC,145.147091,-37.839233,205
2026-06,207031163,Box Hill,Victoria,VIC,145.124608,-37.829223,630
2026-06,207031164,Box Hill North,Victoria,VIC,145.123183,-37.803609,345
2026-06,207031165,Burwood (Vic.),Victoria,VIC,145.114796,-37.846731,300
2026-06,207031166,Burwood East,Victoria,VIC,145.14753,-37.85391,245
2026-06,207031167,Surrey Hills (East) - Mont Albert,Victoria,VIC,145.106409,-37.824255,140
2026-06,208011168,Beaumaris,Victoria,VIC,145.038539,-37.982,155
2026-06,208011169,Brighton (Vic.),Victoria,VIC,144.99665,-37.907812,290
2026-06,208011170,Brighton East,Victoria,VIC,145.014973,-37.916008,220
2026-06,208011171,Highett (West) - Cheltenham,Victoria,VIC,145.038666,-37.957304,240
2026-06,208011172,Hampton,Victoria,VIC,145.016892,-37.937364,355
2026-06,208011173,Sandringham - Black Rock,Victoria,VIC,145.023979,-37.964983,250
2026-06,208021174,Bentleigh - McKinnon,Victoria,VIC,145.036688,-37.920465,425
2026-06,208021176,Carnegie,Victoria,VIC,145.05589,-37.893787,430
2026-06,208021177,Caulfield - North,Victoria,VIC,145.018467,-37.873771,385
2026-06,208021178,Caulfield - South,Victoria,VIC,145.02557,-37.891404,350
2026-06,208021179,Elsternwick,Victoria,VIC,145.00778,-37.888695,215
2026-06,208021180,Hughesdale,Victoria,VIC,145.081726,-37.898264,200
2026-06,208021181,Murrumbeena,Victoria,VIC,145.070863,-37.896288,195
2026-06,208021182,Ormond - Glen Huntly,Victoria,VIC,145.040628,-37.897608,345
2026-06,208021426,Bentleigh East - North,Victoria,VIC,145.068058,-37.914809,285
2026-06,208021427,Bentleigh East - South,Victoria,VIC,145.065291,-37.929423,265
2026-06,208031183,Aspendale Gardens - Waterways,Victoria,VIC,145.12329,-38.021231,145
2026-06,208031184,Braeside,Victoria,VIC,145.125112,-37.994976,10
2026-06,208031185,Carrum - Patterson Lakes,Victoria,VIC,145.145709,-38.068367,295
2026-06,208031186,Chelsea - Bonbeach,Victoria,VIC,145.124842,-38.05619,450
2026-06,208031187,Chelsea Heights,Victoria,VIC,145.133605,-38.040239,125
2026-06,208031188,Highett (East) - Cheltenham,Victoria,VIC,145.063842,-37.960492,610
2026-06,208031189,Edithvale - Aspendale,Victoria,VIC,145.108083,-38.027607,245
2026-06,208031190,Mentone,Victoria,VIC,145.061592,-37.984178,305
2026-06,208031191,Moorabbin - Heatherton,Victoria,VIC,145.089321,-37.952846,205
2026-06,208031192,Moorabbin Airport,Victoria,VIC,145.099716,-37.977652,5
2026-06,208031193,Mordialloc - Parkdale,Victoria,VIC,145.088843,-37.997112,405
2026-06,208041194,Malvern - Glen Iris,Victoria,VIC,145.044635,-37.855493,300
2026-06,208041195,Malvern East,Victoria,VIC,145.069442,-37.878603,385
2026-06,209011196,Bundoora - East,Victoria,VIC,145.069349,-37.697762,265
2026-06,209011197,Greensborough,Victoria,VIC,145.103023,-37.701442,410
2026-06,209011198,Heidelberg - Rosanna,Victoria,VIC,145.072203,-37.744965,355
2026-06,209011199,Heidelberg West,Victoria,VIC,145.046602,-37.742601,1020
2026-06,209011200,Ivanhoe,Victoria,VIC,145.04268,-37.77035,265
2026-06,209011201,Ivanhoe East - Eaglemont,Victoria,VIC,145.062447,-37.77089,100
2026-06,209011202,Montmorency - Briar Hill,Victoria,VIC,145.121386,-37.727664,325
2026-06,209011203,Viewbank - Yallambie,Victoria,VIC,145.094384,-37.734917,335
2026-06,209011204,Watsonia,Victoria,VIC,145.083053,-37.70306,220
2026-06,209021205,Kingsbury,Victoria,VIC,145.0499,-37.71408,315
2026-06,209021428,Preston - East,Victoria,VIC,145.016378,-37.742915,1180
2026-06,209021429,Preston - West,Victoria,VIC,144.990193,-37.739632,495
2026-06,209021523,Reservoir - North East,Victoria,VIC,145.021548,-37.706612,700
2026-06,209021524,Reservoir - North West,Victoria,VIC,144.994987,-37.699959,345
2026-06,209021525,Reservoir - South East,Victoria,VIC,145.021596,-37.724683,720
2026-06,209021526,Reservoir - South West,Victoria,VIC,144.993073,-37.718649,605
2026-06,209031209,Eltham,Victoria,VIC,145.15433,-37.713795,375
2026-06,209031210,Hurstbridge,Victoria,VIC,145.193029,-37.637139,70
2026-06,209031211,Kinglake,Victoria,VIC,145.428019,-37.501151,140
2026-06,209031212,Panton Hill - St Andrews,Victoria,VIC,145.24695,-37.603707,110
2026-06,209031213,Plenty - Yarrambat,Victoria,VIC,145.12475,-37.656371,120
2026-06,209031214,Research - North Warrandyte,Victoria,VIC,145.222577,-37.699256,100
2026-06,209031215,Wattle Glen - Diamond Creek,Victoria,VIC,145.173433,-37.661009,230
2026-06,209041216,Bundoora - North,Victoria,VIC,145.072486,-37.682975,200
2026-06,209041217,Bundoora - West,Victoria,VIC,145.052119,-37.69285,225
2026-06,209041220,Mill Park - North,Victoria,VIC,145.065376,-37.661258,630
2026-06,209041221,Mill Park - South,Victoria,VIC,145.055498,-37.670284,450
2026-06,209041223,Thomastown,Victoria,VIC,145.00672,-37.683213,1140
2026-06,209041224,Wallan,Victoria,VIC,145.088176,-37.387258,1100
2026-06,209041225,Whittlesea,Victoria,VIC,145.115297,-37.4884,625
2026-06,209041431,Epping - East,Victoria,VIC,145.044857,-37.636526,595
2026-06,209041432,Epping - South,Victoria,VIC,144.980574,-37.638373,450
2026-06,209041433,Epping (Vic.) - West,Victoria,VIC,145.010476,-37.632157,475
2026-06,209041435,South Morang - North,Victoria,VIC,145.085707,-37.624984,340
2026-06,209041436,South Morang - South,Victoria,VIC,145.084848,-37.646984,405
2026-06,209041437,Wollert,Victoria,VIC,145.009261,-37.59084,1050
2026-06,209041527,Doreen - North,Victoria,VIC,145.127471,-37.587451,335
2026-06,209041528,Doreen - South,Victoria,VIC,145.121042,-37.612324,240
2026-06,209041529,Lalor - East,Victoria,VIC,145.027384,-37.668074,575
2026-06,209041530,Lalor - West,Victoria,VIC,144.996616,-37.66015,635
2026-06,209041531,Mernda - North,Victoria,VIC,145.08776,-37.584518,355
2026-06,209041532,Mernda - South,Victoria,VIC,145.07405,-37.606114,350
2026-06,210011226,Airport West,Victoria,VIC,144.880238,-37.722504,240
2026-06,210011227,Essendon Airport,Victoria,VIC,144.899955,-37.724276,0
2026-06,210011228,Keilor,Victoria,VIC,144.84606,-37.722867,160
2026-06,210011230,Niddrie - Essendon West,Victoria,VIC,144.885723,-37.746206,145
2026-06,210011231,Strathmore,Victoria,VIC,144.917324,-37.726852,170
2026-06,210011533,Avondale Heights,Victoria,VIC,144.863003,-37.762919,300
2026-06,210011534,Keilor East,Victoria,VIC,144.866931,-37.740396,310
2026-06,210021232,Gisborne,Victoria,VIC,144.556796,-37.489924,200
2026-06,210021233,Macedon,Victoria,VIC,144.573822,-37.411404,45
2026-06,210021234,Riddells Creek,Victoria,VIC,144.682696,-37.439535,95
2026-06,210021235,Romsey,Victoria,VIC,144.747813,-37.345275,225
2026-06,210031236,Coburg North,Victoria,VIC,144.967322,-37.727014,325
2026-06,210031237,Fawkner,Victoria,VIC,144.970018,-37.70563,625
2026-06,210031439,Gowanbrae,Victoria,VIC,144.897995,-37.702301,60
2026-06,210031440,Hadfield,Victoria,VIC,144.949593,-37.710458,255
2026-06,210031535,Glenroy - East,Victoria,VIC,144.927374,-37.704211,645
2026-06,210031536,Glenroy - West,Victoria,VIC,144.910146,-37.703876,260
2026-06,210031537,Oak Park,Victoria,VIC,144.919394,-37.7233,225
2026-06,210031538,Pascoe Vale,Victoria,VIC,144.937987,-37.724944,515
2026-06,210041240,Sunbury,Victoria,VIC,144.772006,-37.547123,420
2026-06,210041539,Diggers Rest,Victoria,VIC,144.68131,-37.612986,225
2026-06,210041540,Sunbury - South,Victoria,VIC,144.745934,-37.617316,535
2026-06,210041541,Sunbury - West,Victoria,VIC,144.6656,-37.539011,345
2026-06,210051242,Broadmeadows,Victoria,VIC,144.920739,-37.679952,1170
2026-06,210051243,Campbellfield - Coolaroo,Victoria,VIC,144.949283,-37.666433,1205
2026-06,210051245,Gladstone Park - Westmeadows,Victoria,VIC,144.888296,-37.681469,770
2026-06,210051246,Greenvale - Bulla,Victoria,VIC,144.846603,-37.614563,825
2026-06,210051247,Meadow Heights,Victoria,VIC,144.919698,-37.651225,1120
2026-06,210051248,Melbourne Airport,Victoria,VIC,144.83505,-37.675695,10
2026-06,210051250,Tullamarine,Victoria,VIC,144.877012,-37.693399,355
2026-06,210051441,Craigieburn - Central,Victoria,VIC,144.933849,-37.59175,520
2026-06,210051442,Craigieburn - North,Victoria,VIC,144.952417,-37.568515,490
2026-06,210051443,Craigieburn - South,Victoria,VIC,144.921738,-37.606202,1040
2026-06,210051445,Mickleham - Yuroke,Victoria,VIC,144.896817,-37.553486,1535
2026-06,210051542,Craigieburn - North West,Victoria,VIC,144.903606,-37.572835,435
2026-06,210051543,Craigieburn - West,Victoria,VIC,144.904166,-37.585003,630
2026-06,210051544,Roxburgh Park (South) - Somerton,Victoria,VIC,144.935,-37.633331,600
2026-06,210051545,Roxburgh Park - North,Victoria,VIC,144.92339,-37.6207,975
2026-06,211011251,Bayswater,Victoria,VIC,145.266637,-37.846809,440
2026-06,211011254,Knoxfield - Scoresby,Victoria,VIC,145.233199,-37.896904,420
2026-06,211011255,Lysterfield,Victoria,VIC,145.283995,-37.932453,100
2026-06,211011256,Rowville - Central,Victoria,VIC,145.246903,-37.915967,335
2026-06,211011257,Rowville - North,Victoria,VIC,145.258599,-37.906589,135
2026-06,211011258,Rowville - South,Victoria,VIC,145.243243,-37.938229,175
2026-06,211011259,Wantirna,Victoria,VIC,145.225051,-37.853425,335
2026-06,211011260,Wantirna South,Victoria,VIC,145.221161,-37.870882,405
2026-06,211011446,Boronia,Victoria,VIC,145.290035,-37.853823,830
2026-06,211011447,Ferntree Gully - North,Victoria,VIC,145.285713,-37.879067,505
2026-06,211011448,Ferntree Gully (South) - Upper Ferntree Gully,Victoria,VIC,145.280437,-37.891011,415
2026-06,211011449,The Basin,Victoria,VIC,145.322645,-37.855914,135
2026-06,211021261,Donvale - Park Orchards,Victoria,VIC,145.205605,-37.785529,225
2026-06,211021262,Warrandyte - Wonga Park,Victoria,VIC,145.252176,-37.738945,140
2026-06,211031263,Bayswater North,Victoria,VIC,145.291497,-37.829322,335
2026-06,211031265,Croydon Hills - Warranwood,Victoria,VIC,145.266064,-37.773651,270
2026-06,211031266,Ringwood,Victoria,VIC,145.227534,-37.810176,670
2026-06,211031267,Ringwood East,Victoria,VIC,145.25387,-37.817999,490
2026-06,211031268,Ringwood North,Victoria,VIC,145.228733,-37.794878,150
2026-06,211031450,Croydon - East,Victoria,VIC,145.292329,-37.798172,545
2026-06,211031451,Croydon - West,Victoria,VIC,145.273628,-37.788534,350
2026-06,211031452,Croydon South,Victoria,VIC,145.280817,-37.815831,130
2026-06,211041269,Forest Hill,Victoria,VIC,145.171036,-37.841848,275
2026-06,211041270,Mitcham (Vic.),Victoria,VIC,145.199688,-37.816556,420
2026-06,211041271,Nunawading,Victoria,VIC,145.17629,-37.816887,255
2026-06,211041272,Vermont,Victoria,VIC,145.199668,-37.838654,185
2026-06,211041273,Vermont South,Victoria,VIC,145.187705,-37.855266,185
2026-06,211051274,Belgrave - Selby,Victoria,VIC,145.351908,-37.936508,250
2026-06,211051275,Chirnside Park,Victoria,VIC,145.313643,-37.742308,270
2026-06,211051276,Healesville - Yarra Glen,Victoria,VIC,145.507649,-37.63349,355
2026-06,211051277,Kilsyth,Victoria,VIC,145.320964,-37.819406,305
2026-06,211051278,Lilydale - Coldstream,Victoria,VIC,145.383829,-37.727255,520
2026-06,211051279,Monbulk - Silvan,Victoria,VIC,145.448703,-37.8563,100
2026-06,211051280,Montrose,Victoria,VIC,145.350491,-37.810658,130
2026-06,211051281,Mooroolbark,Victoria,VIC,145.324862,-37.780578,650
2026-06,211051282,Mount Dandenong - Olinda,Victoria,VIC,145.380258,-37.860072,210
2026-06,211051283,Mount Evelyn,Victoria,VIC,145.385387,-37.786877,195
2026-06,211051284,Upwey - Tecoma,Victoria,VIC,145.329553,-37.903901,205
2026-06,211051285,Wandin - Seville,Victoria,VIC,145.460545,-37.760567,155
2026-06,211051286,Yarra Valley,Victoria,VIC,145.671957,-37.742291,575
2026-06,212011289,Emerald - Cockatoo,Victoria,VIC,145.559794,-37.949763,360
2026-06,212011546,Beaconsfield - Officer,Victoria,VIC,145.395745,-38.04019,605
2026-06,212011547,Bunyip - Garfield,Victoria,VIC,145.643635,-38.087224,270
2026-06,212011548,Koo Wee Rup,Victoria,VIC,145.559985,-38.199888,335
2026-06,212011549,Pakenham - North East,Victoria,VIC,145.512109,-38.050539,685
2026-06,212011550,Pakenham - North West,Victoria,VIC,145.453521,-38.040599,290
2026-06,212011551,Pakenham - South East,Victoria,VIC,145.515302,-38.093778,330
2026-06,212011552,Pakenham - South West,Victoria,VIC,145.470169,-38.093389,905
2026-06,212021293,Berwick - North,Victoria,VIC,145.349456,-38.028486,510
2026-06,212021295,Doveton,Victoria,VIC,145.240046,-37.984905,1055
2026-06,212021297,Hallam,Victoria,VIC,145.269212,-38.007356,795
2026-06,212021299,Narre Warren North,Victoria,VIC,145.327646,-37.987622,135
2026-06,212021453,Endeavour Hills - North,Victoria,VIC,145.261257,-37.959655,495
2026-06,212021454,Endeavour Hills - South,Victoria,VIC,145.262441,-37.984268,580
2026-06,212021455,Narre Warren - North East,Victoria,VIC,145.311293,-38.007926,490
2026-06,212021456,Narre Warren - South West,Victoria,VIC,145.300132,-38.022261,785
2026-06,212021553,Berwick - South East,Victoria,VIC,145.356869,-38.06271,505
2026-06,212021554,Berwick - South West,Victoria,VIC,145.330001,-38.056632,450
2026-06,212031300,Cranbourne,Victoria,VIC,145.278861,-38.104909,1330
2026-06,212031303,Cranbourne South,Victoria,VIC,145.311541,-38.150312,690
2026-06,212031304,Cranbourne West,Victoria,VIC,145.250051,-38.105592,915
2026-06,212031306,Lynbrook - Lyndhurst,Victoria,VIC,145.25304,-38.058354,605
2026-06,212031308,Pearcedale - Tooradin,Victoria,VIC,145.318409,-38.208802,225
2026-06,212031457,Narre Warren South - East,Victoria,VIC,145.311182,-38.05712,460
2026-06,212031458,Narre Warren South - West,Victoria,VIC,145.293265,-38.04783,790
2026-06,212031555,Clyde North - North,Victoria,VIC,145.356963,-38.08479,240
2026-06,212031556,Clyde North - South,Victoria,VIC,145.364985,-38.107621,780
2026-06,212031557,Cranbourne East - North,Victoria,VIC,145.310556,-38.105819,825
2026-06,212031558,Cranbourne East - South,Victoria,VIC,145.301845,-38.120296,490
2026-06,212031559,Cranbourne North - East,Victoria,VIC,145.315382,-38.079581,490
2026-06,212031560,Cranbourne North - West,Victoria,VIC,145.280147,-38.075128,645
2026-06,212031561,Hampton Park - East,Victoria,VIC,145.275146,-38.043503,705
2026-06,212031562,Hampton Park - West,Victoria,VIC,145.257408,-38.031984,830
2026-06,212041309,Clarinda - Oakleigh South,Victoria,VIC,145.099008,-37.940587,330
2026-06,212041310,Clayton South,Victoria,VIC,145.127971,-37.943732,435
2026-06,212041312,Dandenong North,Victoria,VIC,145.214985,-37.955006,1165
2026-06,212041313,Dingley Village,Victoria,VIC,145.127626,-37.974,165
2026-06,212041316,Noble Park North,Victoria,VIC,145.187114,-37.951883,300
2026-06,212041317,Springvale,Victoria,VIC,145.16327,-37.943732,1020
2026-06,212041318,Springvale South,Victoria,VIC,145.147977,-37.971213,645
2026-06,212041459,Noble Park - East,Victoria,VIC,145.18422,-37.96589,705
2026-06,212041460,Noble Park - West,Victoria,VIC,145.170603,-37.971261,1050
2026-06,212041563,Dandenong - North,Victoria,VIC,145.216565,-37.984654,2210
2026-06,212041564,Dandenong - South,Victoria,VIC,145.215723,-38.029649,745
2026-06,212041565,Keysborough - North,Victoria,VIC,145.168697,-37.990365,605
2026-06,212041566,Keysborough - South,Victoria,VIC,145.160433,-38.024323,315
2026-06,212051319,Ashwood - Chadstone,Victoria,VIC,145.10135,-37.873348,555
2026-06,212051321,Glen Waverley - East,Victoria,VIC,145.180105,-37.883437,335
2026-06,212051322,Glen Waverley - West,Victoria,VIC,145.156051,-37.881537,365
2026-06,212051323,Mount Waverley - North,Victoria,VIC,145.130847,-37.865924,225
2026-06,212051324,Mount Waverley - South,Victoria,VIC,145.126805,-37.887441,290
2026-06,212051325,Mulgrave,Victoria,VIC,145.16539,-37.921453,485
2026-06,212051326,Oakleigh - Huntingdale,Victoria,VIC,145.104281,-37.907294,580
2026-06,212051327,Wheelers Hill,Victoria,VIC,145.182889,-37.907325,315
2026-06,212051567,Clayton (North) - Notting Hill,Victoria,VIC,145.135988,-37.913306,175
2026-06,212051568,Clayton - Central,Victoria,VIC,145.12413,-37.922288,290
2026-06,213011328,Ardeer - Albion,Victoria,VIC,144.80877,-37.775041,495
2026-06,213011329,Cairnlea,Victoria,VIC,144.787033,-37.758708,455
2026-06,213011331,Delahey,Victoria,VIC,144.776794,-37.718925,460
2026-06,213011332,Keilor Downs,Victoria,VIC,144.823109,-37.730976,590
2026-06,213011333,Kings Park (Vic.),Victoria,VIC,144.771474,-37.738665,915
2026-06,213011334,St Albans - North,Victoria,VIC,144.801093,-37.737556,1470
2026-06,213011335,St Albans - South,Victoria,VIC,144.811005,-37.755108,1160
2026-06,213011336,Sunshine,Victoria,VIC,144.835592,-37.789708,625
2026-06,213011337,Sunshine North,Victoria,VIC,144.836426,-37.762809,770
2026-06,213011338,Sunshine West,Victoria,VIC,144.818267,-37.802033,1255
2026-06,213011339,Sydenham,Victoria,VIC,144.761892,-37.696016,485
2026-06,213011340,Taylors Lakes,Victoria,VIC,144.791904,-37.68854,405
2026-06,213011569,Deer Park,Victoria,VIC,144.766044,-37.766371,960
2026-06,213011570,Derrimut,Victoria,VIC,144.771211,-37.796562,340
2026-06,213021341,Altona,Victoria,VIC,144.823998,-37.862325,305
2026-06,213021342,Altona Meadows,Victoria,VIC,144.782847,-37.879969,745
2026-06,213021343,Altona North,Victoria,VIC,144.837901,-37.833095,580
2026-06,213021344,Newport,Victoria,VIC,144.881115,-37.839995,480
2026-06,213021345,Seabrook,Victoria,VIC,144.75822,-37.88081,145
2026-06,213021346,Williamstown,Victoria,VIC,144.888389,-37.860296,355
2026-06,213031347,Braybrook,Victoria,VIC,144.865012,-37.784885,1220
2026-06,213031348,Footscray,Victoria,VIC,144.896255,-37.800859,1290
2026-06,213031349,Maribyrnong,Victoria,VIC,144.884361,-37.772393,485
2026-06,213031350,Seddon - Kingsville,Victoria,VIC,144.887812,-37.807711,345
2026-06,213031351,West Footscray - Tottenham,Victoria,VIC,144.864646,-37.802193,545
2026-06,213031352,Yarraville,Victoria,VIC,144.882697,-37.818241,395
2026-06,213041353,Bacchus Marsh,Victoria,VIC,144.459793,-37.637082,795
2026-06,213041358,Melton West,Victoria,VIC,144.545588,-37.662762,1050
2026-06,213041359,Rockbank - Mount Cottrell,Victoria,VIC,144.668602,-37.746682,1145
2026-06,213041360,Taylors Hill,Victoria,VIC,144.7498,-37.714387,525
2026-06,213041461,Burnside,Victoria,VIC,144.749663,-37.750202,245
2026-06,213041462,Burnside Heights,Victoria,VIC,144.756093,-37.732947,180
2026-06,213041463,Caroline Springs,Victoria,VIC,144.736483,-37.740584,635
2026-06,213041571,Brookfield,Victoria,VIC,144.541558,-37.701387,430
2026-06,213041572,Cobblebank - Strathtulloh,Victoria,VIC,144.600058,-37.722487,415
2026-06,213041573,Eynesbury - Exford,Victoria,VIC,144.530253,-37.755588,155
2026-06,213041574,Fraser Rise - Plumpton,Victoria,VIC,144.682527,-37.687069,1025
2026-06,213041575,Hillside,Victoria,VIC,144.741164,-37.69112,450
2026-06,213041576,Kurunjang - Toolern Vale,Victoria,VIC,144.592805,-37.617866,560
2026-06,213041577,Melton,Victoria,VIC,144.595347,-37.688214,675
2026-06,213041578,Melton South - Weir Views,Victoria,VIC,144.561726,-37.719195,1380
2026-06,213051361,Hoppers Crossing - North,Victoria,VIC,144.710532,-37.865378,785
2026-06,213051362,Hoppers Crossing - South,Victoria,VIC,144.685976,-37.876198,1045
2026-06,213051363,Laverton,Victoria,VIC,144.776424,-37.842335,510
2026-06,213051368,Werribee - South,Victoria,VIC,144.674022,-37.941296,735
2026-06,213051464,Point Cook - East,Victoria,VIC,144.774064,-37.912339,395
2026-06,213051466,Point Cook - South,Victoria,VIC,144.732834,-37.91147,340
2026-06,213051467,Werribee - East,Victoria,VIC,144.661372,-37.885565,1330
2026-06,213051468,Werribee - West,Victoria,VIC,144.562977,-37.924138,1295
2026-06,213051579,Manor Lakes - Quandong,Victoria,VIC,144.502887,-37.839895,490
2026-06,213051580,Point Cook - North East,Victoria,VIC,144.742432,-37.884792,385
2026-06,213051581,Point Cook - North West,Victoria,VIC,144.725667,-37.885368,225
2026-06,213051582,Tarneit (West) - Mount Cottrell,Victoria,VIC,144.628322,-37.831656,560
2026-06,213051583,Tarneit - Central,Victoria,VIC,144.679508,-37.840546,785
2026-06,213051584,Tarneit - North,Victoria,VIC,144.681413,-37.818229,395
2026-06,213051585,Tarneit - South,Victoria,VIC,144.662187,-37.858401,390
2026-06,213051586,Truganina - North,Victoria,VIC,144.736271,-37.823826,260
2026-06,213051587,Truganina - South East,Victoria,VIC,144.741485,-37.850547,215
2026-06,213051588,Truganina - South West,Victoria,VIC,144.721592,-37.852178,610
2026-06,213051589,Wyndham Vale - North,Victoria,VIC,144.580797,-37.836839,765
2026-06,213051590,Wyndham Vale - South,Victoria,VIC,144.616016,-37.885513,715
2026-06,214011370,Carrum Downs,Victoria,VIC,145.176107,-38.097136,965
2026-06,214011371,Frankston,Victoria,VIC,145.133829,-38.15268,1430
2026-06,214011372,Frankston North,Victoria,VIC,145.157234,-38.134262,1305
2026-06,214011373,Frankston South,Victoria,VIC,145.134714,-38.176528,330
2026-06,214011374,Langwarrin,Victoria,VIC,145.194314,-38.162279,595
2026-06,214011375,Seaford (Vic.),Victoria,VIC,145.142394,-38.106388,835
2026-06,214011376,Skye - Sandhurst,Victoria,VIC,145.215624,-38.103149,320
2026-06,214021377,Dromana,Victoria,VIC,144.985525,-38.340912,420
2026-06,214021378,Flinders,Victoria,VIC,145.014459,-38.384577,55
2026-06,214021379,Hastings - Somers,Victoria,VIC,145.152936,-38.34095,805
2026-06,214021381,Mount Eliza,Victoria,VIC,145.095737,-38.193635,200
2026-06,214021382,Mount Martha,Victoria,VIC,145.032263,-38.273754,265
2026-06,214021383,Point Nepean,Victoria,VIC,144.813566,-38.376797,615
2026-06,214021384,Rosebud - McCrae,Victoria,VIC,144.902821,-38.367545,950
2026-06,214021385,Somerville,Victoria,VIC,145.171318,-38.233494,485
2026-06,214021591,Mornington - East,Victoria,VIC,145.063089,-38.234969,405
2026-06,214021592,Mornington - West,Victoria,VIC,145.042429,-38.223021,250
2026-06,215011386,Ararat,Victoria,VIC,142.983321,-37.266069,450
2026-06,215011387,Ararat Surrounds,Victoria,VIC,142.796911,-37.489111,135
2026-06,215011388,Horsham,Victoria,VIC,142.218055,-36.727115,640
2026-06,215011389,Horsham Surrounds,Victoria,VIC,142.101304,-36.804697,105
2026-06,215011390,Nhill Region,Victoria,VIC,141.566582,-36.075335,345
2026-06,215011391,St Arnaud,Victoria,VIC,143.122826,-36.676553,180
2026-06,215011392,Stawell,Victoria,VIC,142.753939,-37.025259,375
2026-06,215011393,West Wimmera,Victoria,VIC,141.374088,-36.97454,115
2026-06,215011394,Yarriambiack,Victoria,VIC,142.386405,-36.048198,340
2026-06,215021395,Irymple,Victoria,VIC,142.194218,-34.233035,195
2026-06,215021396,Merbein,Victoria,VIC,142.043244,-34.185296,215
2026-06,215021398,Mildura Surrounds,Victoria,VIC,141.800614,-34.865359,140
2026-06,215021399,Red Cliffs,Victoria,VIC,142.209178,-34.337063,300
2026-06,215021469,Mildura - North,Victoria,VIC,142.146275,-34.181616,1140
2026-06,215021470,Mildura - South,Victoria,VIC,142.122811,-34.222745,755
2026-06,215031400,Buloke,Victoria,VIC,143.006885,-35.846934,250
2026-06,215031401,Gannawarra,Victoria,VIC,143.612363,-35.732088,260
2026-06,215031402,Kerang,Victoria,VIC,143.937324,-35.720862,200
2026-06,215031403,Robinvale,Victoria,VIC,142.781437,-34.648045,160
2026-06,215031404,Swan Hill,Victoria,VIC,143.51269,-35.362049,390
2026-06,215031405,Swan Hill Surrounds,Victoria,VIC,143.061965,-35.151173,235
2026-06,216011406,Echuca,Victoria,VIC,144.779889,-36.156023,575
2026-06,216011407,Kyabram,Victoria,VIC,144.991063,-36.235679,400
2026-06,216011408,Lockington - Gunbower,Victoria,VIC,144.498068,-36.147893,115
2026-06,216011409,Rochester,Victoria,VIC,144.730957,-36.335122,135
2026-06,216011410,Rushworth,Victoria,VIC,144.87092,-36.559295,230
2026-06,216021411,Cobram,Victoria,VIC,145.639314,-35.930591,305
2026-06,216021412,Moira,Victoria,VIC,145.928289,-36.125826,110
2026-06,216021413,Numurkah,Victoria,VIC,145.317012,-36.000633,525
2026-06,216021414,Yarrawonga,Victoria,VIC,145.99914,-36.033921,310
2026-06,216031415,Mooroopna,Victoria,VIC,145.339967,-36.396629,560
2026-06,216031416,Shepparton - North,Victoria,VIC,145.403162,-36.341141,890
2026-06,216031418,Shepparton Surrounds - East,Victoria,VIC,145.639313,-36.405172,120
2026-06,216031419,Shepparton Surrounds - West,Victoria,VIC,145.172769,-36.430572,405
2026-06,216031593,Kialla,Victoria,VIC,145.409019,-36.447903,230
2026-06,216031594,Shepparton - South East,Victoria,VIC,145.457565,-36.399511,1050
2026-06,217011420,Glenelg (Vic.),Victoria,VIC,141.310294,-37.890896,360
2026-06,217011421,Hamilton (Vic.),Victoria,VIC,142.021279,-37.745247,485
2026-06,217011422,Portland,Victoria,VIC,141.572686,-38.341633,595
2026-06,217011423,Southern Grampians,Victoria,VIC,141.926096,-37.542358,225
2026-06,217031471,Camperdown,Victoria,VIC,143.164024,-38.218289,115
2026-06,217031472,Colac,Victoria,VIC,143.578023,-38.359742,520
2026-06,217031473,Colac Surrounds,Victoria,VIC,143.665445,-38.297763,140
2026-06,217031474,Corangamite - North,Victoria,VIC,143.335303,-37.978078,215
2026-06,217031475,Corangamite - South,Victoria,VIC,143.085562,-38.518235,175
2026-06,217031476,Otway,Victoria,VIC,143.574092,-38.654678,135
2026-06,217041477,Moyne - East,Victoria,VIC,142.631335,-38.186984,210
2026-06,217041478,Moyne - West,Victoria,VIC,142.110069,-38.163995,240
2026-06,217041479,Warrnambool - North,Victoria,VIC,142.479942,-38.341978,740
2026-06,217041480,Warrnambool - South,Victoria,VIC,142.576773,-38.400716,450
2026-06,301011001,Alexandra Hills,Queensland,QLD,153.227907,-27.538967,485
2026-06,301011002,Belmont - Gumdale,Queensland,QLD,153.155568,-27.503554,105
2026-06,301011003,Birkdale,Queensland,QLD,153.207277,-27.49853,340
2026-06,301011004,Capalaba,Queensland,QLD,153.193911,-27.540749,635
2026-06,301011005,Thorneside,Queensland,QLD,153.201662,-27.482666,125
2026-06,301011006,Wellington Point,Queensland,QLD,153.239003,-27.490932,230
2026-06,301021007,Cleveland,Queensland,QLD,153.267316,-27.529257,430
2026-06,301021008,Ormiston,Queensland,QLD,153.256989,-27.507128,125
2026-06,301021009,Redland Bay,Queensland,QLD,153.283693,-27.649911,440
2026-06,301021011,Sheldon - Mount Cotton,Queensland,QLD,153.219512,-27.605476,120
2026-06,301021012,Thornlands,Queensland,QLD,153.262505,-27.56902,345
2026-06,301021013,Victoria Point,Queensland,QLD,153.294567,-27.584836,380
2026-06,301021550,North Stradbroke Island,Queensland,QLD,153.448467,-27.564501,135
2026-06,301021551,Southern Moreton Bay Islands,Queensland,QLD,153.33192,-27.652532,1075
2026-06,301031014,Brisbane Port - Lytton,Queensland,QLD,153.252295,-27.335906,5
2026-06,301031015,Manly - Lota,Queensland,QLD,153.184877,-27.461453,150
2026-06,301031016,Manly West,Queensland,QLD,153.166994,-27.465855,275
2026-06,301031017,Murarrie,Queensland,QLD,153.106599,-27.44988,115
2026-06,301031018,Tingalpa,Queensland,QLD,153.125252,-27.474117,175
2026-06,301031019,Wakerley,Queensland,QLD,153.155905,-27.484334,100
2026-06,301031020,Wynnum,Queensland,QLD,153.164192,-27.440121,445
2026-06,301031021,Wynnum West - Hemmant,Queensland,QLD,153.135497,-27.445602,460
2026-06,302011022,Bald Hills,Queensland,QLD,153.013262,-27.308434,235
2026-06,302011023,Bridgeman Downs,Queensland,QLD,152.993346,-27.352126,130
2026-06,302011024,Carseldine,Queensland,QLD,153.017065,-27.348208,170
2026-06,302011025,Everton Park,Queensland,QLD,152.987627,-27.39904,255
2026-06,302011026,McDowall,Queensland,QLD,152.993283,-27.382806,110
2026-06,302021027,Aspley,Queensland,QLD,153.016335,-27.365681,310
2026-06,302021028,Chermside,Queensland,QLD,153.033528,-27.384186,505
2026-06,302021029,Chermside West,Queensland,QLD,153.012663,-27.383361,135
2026-06,302021030,Geebung,Queensland,QLD,153.045882,-27.371867,100
2026-06,302021031,Kedron - Gordon Park,Queensland,QLD,153.033221,-27.407322,305
2026-06,302021032,Stafford,Queensland,QLD,153.010532,-27.40977,280
2026-06,302021033,Stafford Heights,Queensland,QLD,153.009,-27.39665,215
2026-06,302021034,Wavell Heights,Queensland,QLD,153.048552,-27.391555,165
2026-06,302031035,Boondall,Queensland,QLD,153.072875,-27.348132,265
2026-06,302031036,Brisbane Airport,Queensland,QLD,153.120483,-27.389747,0
2026-06,302031037,Eagle Farm - Pinkenba,Queensland,QLD,153.098785,-27.431301,55
2026-06,302031038,Northgate - Virginia,Queensland,QLD,153.067177,-27.380899,205
2026-06,302031039,Nudgee - Banyo,Queensland,QLD,153.090973,-27.363803,235
2026-06,302031040,Nundah,Queensland,QLD,153.063302,-27.400019,425
2026-06,302041041,Bracken Ridge,Queensland,QLD,153.034198,-27.317322,445
2026-06,302041042,Brighton (Qld),Queensland,QLD,153.055692,-27.296325,190
2026-06,302041043,Deagon,Queensland,QLD,153.061269,-27.32787,150
2026-06,302041044,Sandgate - Shorncliffe,Queensland,QLD,153.0714,-27.321154,215
2026-06,302041045,Taigum - Fitzgibbon,Queensland,QLD,153.039964,-27.341754,360
2026-06,302041046,Zillmere,Queensland,QLD,153.039554,-27.35873,440
2026-06,303011047,Camp Hill,Queensland,QLD,153.077146,-27.497377,185
2026-06,303011048,Cannon Hill,Queensland,QLD,153.091661,-27.472116,155
2026-06,303011049,Carina,Queensland,QLD,153.096125,-27.486224,245
2026-06,303011050,Carina Heights,Queensland,QLD,153.092951,-27.506696,210
2026-06,303011051,Carindale,Queensland,QLD,153.112177,-27.511214,200
2026-06,303021052,Annerley,Queensland,QLD,153.032689,-27.512582,460
2026-06,303021053,Coorparoo,Queensland,QLD,153.059452,-27.497929,370
2026-06,303021054,Fairfield - Dutton Park,Queensland,QLD,153.025692,-27.500647,180
2026-06,303021055,Greenslopes,Queensland,QLD,153.048725,-27.505824,375
2026-06,303021056,Holland Park,Queensland,QLD,153.07265,-27.518929,215
2026-06,303021057,Holland Park West,Queensland,QLD,153.062625,-27.52643,150
2026-06,303021058,Woolloongabba,Queensland,QLD,153.038373,-27.492911,320
2026-06,303021059,Yeronga,Queensland,QLD,153.016993,-27.52317,300
2026-06,303031060,Eight Mile Plains,Queensland,QLD,153.087921,-27.578409,315
2026-06,303031061,Macgregor (Qld),Queensland,QLD,153.072004,-27.562254,185
2026-06,303031062,Mansfield (Qld),Queensland,QLD,153.106201,-27.532024,200
2026-06,303031063,Mount Gravatt,Queensland,QLD,153.080732,-27.532102,450
2026-06,303031064,Rochedale - Burbank,Queensland,QLD,153.143401,-27.56726,160
2026-06,303031065,Upper Mount Gravatt,Queensland,QLD,153.080729,-27.555143,370
2026-06,303031066,Wishart,Queensland,QLD,153.101043,-27.555869,195
2026-06,303041067,Coopers Plains,Queensland,QLD,153.036495,-27.566457,230
2026-06,303041068,Moorooka,Queensland,QLD,153.024704,-27.534814,370
2026-06,303041069,Robertson,Queensland,QLD,153.057364,-27.565627,105
2026-06,303041070,Salisbury - Nathan,Queensland,QLD,153.042075,-27.547417,190
2026-06,303041071,Tarragindi,Queensland,QLD,153.043948,-27.526102,170
2026-06,303051072,Algester,Queensland,QLD,153.032843,-27.612461,290
2026-06,303051073,Calamvale - Stretton,Queensland,QLD,153.062732,-27.628639,530
2026-06,303051074,Pallara - Willawong,Queensland,QLD,153.011718,-27.613812,320
2026-06,303051075,Parkinson - Drewvale,Queensland,QLD,153.042407,-27.643666,325
2026-06,303051076,Rocklea - Acacia Ridge,Queensland,QLD,153.006499,-27.564301,700
2026-06,303061077,Kuraby,Queensland,QLD,153.09312,-27.605006,230
2026-06,303061078,Runcorn,Queensland,QLD,153.079926,-27.597512,425
2026-06,303061079,Sunnybank,Queensland,QLD,153.060708,-27.580368,360
2026-06,303061080,Sunnybank Hills,Queensland,QLD,153.053113,-27.593581,545
2026-06,304011081,Jindalee - Mount Ommaney,Queensland,QLD,152.935918,-27.54054,125
2026-06,304011082,Middle Park - Jamboree Heights,Queensland,QLD,152.927839,-27.556104,120
2026-06,304011083,Riverhills,Queensland,QLD,152.909403,-27.562223,55
2026-06,304011084,Seventeen Mile Rocks - Sinnamon Park,Queensland,QLD,152.953297,-27.543751,115
2026-06,304011085,Westlake,Queensland,QLD,152.912829,-27.549484,45
2026-06,304021086,Bellbowrie - Moggill,Queensland,QLD,152.874189,-27.574955,120
2026-06,304021087,Brookfield - Kenmore Hills,Queensland,QLD,152.86618,-27.482113,80
2026-06,304021088,Chapel Hill,Queensland,QLD,152.950112,-27.499492,135
2026-06,304021089,Fig Tree Pocket,Queensland,QLD,152.962264,-27.528881,35
2026-06,304021090,Kenmore,Queensland,QLD,152.940773,-27.517029,130
2026-06,304021091,Pinjarra Hills - Pullenvale,Queensland,QLD,152.886242,-27.527958,40
2026-06,304031092,Chelmer - Graceville,Queensland,QLD,152.976838,-27.51648,75
2026-06,304031093,Corinda,Queensland,QLD,152.984904,-27.542253,90
2026-06,304031094,Indooroopilly,Queensland,QLD,152.989211,-27.506232,250
2026-06,304031095,Sherwood,Queensland,QLD,152.982164,-27.530328,120
2026-06,304031096,St Lucia,Queensland,QLD,153.00543,-27.497993,180
2026-06,304031097,Taringa,Queensland,QLD,152.985466,-27.495167,190
2026-06,304041098,Enoggera,Queensland,QLD,152.973918,-27.425807,240
2026-06,304041099,Enoggera Reservoir,Queensland,QLD,152.865911,-27.430212,5
2026-06,304041100,Keperra,Queensland,QLD,152.952154,-27.41294,275
2026-06,304041101,Mitchelton,Queensland,QLD,152.97338,-27.410378,180
2026-06,304041102,Mount Coot-tha,Queensland,QLD,152.949608,-27.476051,0
2026-06,304041103,The Gap,Queensland,QLD,152.94617,-27.445054,205
2026-06,304041104,Upper Kedron - Ferny Grove,Queensland,QLD,152.919911,-27.413671,145
2026-06,305011105,Brisbane City,Queensland,QLD,153.024868,-27.469006,435
2026-06,305011106,Fortitude Valley,Queensland,QLD,153.036138,-27.456305,590
2026-06,305011107,Highgate Hill,Queensland,QLD,153.017417,-27.487804,260
2026-06,305011108,Kangaroo Point,Queensland,QLD,153.037172,-27.474882,290
2026-06,305011109,New Farm,Queensland,QLD,153.046318,-27.465687,420
2026-06,305011110,South Brisbane,Queensland,QLD,153.019634,-27.479776,300
2026-06,305011111,Spring Hill,Queensland,QLD,153.022608,-27.458426,335
2026-06,305011112,West End,Queensland,QLD,153.006703,-27.482585,420
2026-06,305021113,Balmoral,Queensland,QLD,153.068702,-27.456504,75
2026-06,305021114,Bulimba,Queensland,QLD,153.06084,-27.449467,90
2026-06,305021115,East Brisbane,Queensland,QLD,153.046179,-27.484226,270
2026-06,305021116,Hawthorne,Queensland,QLD,153.059678,-27.464757,75
2026-06,305021117,Morningside - Seven Hills,Queensland,QLD,153.071755,-27.466145,330
2026-06,305021118,Norman Park,Queensland,QLD,153.0604,-27.47892,115
2026-06,305031119,Albion,Queensland,QLD,153.044497,-27.433557,95
2026-06,305031120,Alderley,Queensland,QLD,153.000905,-27.425328,160
2026-06,305031121,Ascot,Queensland,QLD,153.068208,-27.429864,135
2026-06,305031122,Clayfield,Queensland,QLD,153.055974,-27.418092,265
2026-06,305031123,Grange,Queensland,QLD,153.01577,-27.421541,40
2026-06,305031124,Hamilton (Qld),Queensland,QLD,153.057328,-27.43624,185
2026-06,305031125,Hendra,Queensland,QLD,153.070542,-27.416453,70
2026-06,305031126,Kelvin Grove - Herston,Queensland,QLD,153.01764,-27.450274,255
2026-06,305031127,Newmarket,Queensland,QLD,153.007395,-27.435106,130
2026-06,305031128,Newstead - Bowen Hills,Queensland,QLD,153.038323,-27.448061,380
2026-06,305031129,Wilston,Queensland,QLD,153.018712,-27.434446,75
2026-06,305031130,Windsor,Queensland,QLD,153.031092,-27.434407,235
2026-06,305031131,Wooloowin - Lutwyche,Queensland,QLD,153.041297,-27.415101,290
2026-06,305041132,Ashgrove,Queensland,QLD,152.982189,-27.444972,210
2026-06,305041133,Auchenflower,Queensland,QLD,152.995283,-27.474447,120
2026-06,305041134,Bardon,Queensland,QLD,152.977536,-27.459672,115
2026-06,305041135,Paddington - Milton,Queensland,QLD,152.999855,-27.464496,255
2026-06,305041136,Red Hill (Qld),Queensland,QLD,152.999063,-27.452199,210
2026-06,305041137,Toowong,Queensland,QLD,152.985379,-27.480895,265
2026-06,306011138,Brinsmead,Queensland,QLD,145.714218,-16.899846,125
2026-06,306011139,Clifton Beach - Kewarra Beach,Queensland,QLD,145.669428,-16.779291,330
2026-06,306011140,Freshwater - Stratford,Queensland,QLD,145.746869,-16.877228,90
2026-06,306011141,Redlynch,Queensland,QLD,145.686465,-16.905459,300
2026-06,306011142,Trinity Beach - Smithfield,Queensland,QLD,145.692196,-16.813323,450
2026-06,306011143,Yorkeys Knob - Machans Beach,Queensland,QLD,145.724209,-16.834871,345
2026-06,306021144,Bentley Park,Queensland,QLD,145.724796,-17.010325,375
2026-06,306021145,Cairns City,Queensland,QLD,145.764804,-16.911713,1100
2026-06,306021146,Earlville - Bayview Heights,Queensland,QLD,145.726281,-16.955094,395
2026-06,306021147,Edmonton,Queensland,QLD,145.753204,-17.012898,655
2026-06,306021148,Gordonvale - Trinity,Queensland,QLD,145.781453,-17.059902,410
2026-06,306021149,Kanimbla - Mooroobool,Queensland,QLD,145.726704,-16.927868,520
2026-06,306021150,Lamb Range,Queensland,QLD,145.671123,-17.045164,0
2026-06,306021151,Manoora,Queensland,QLD,145.736681,-16.917177,655
2026-06,306021152,Manunda,Queensland,QLD,145.749299,-16.917363,515
2026-06,306021153,Mount Sheridan,Queensland,QLD,145.731359,-16.988899,295
2026-06,306021154,Westcourt - Bungalow,Queensland,QLD,145.761761,-16.942543,630
2026-06,306021155,White Rock,Queensland,QLD,145.759633,-16.977553,300
2026-06,306021156,Whitfield - Edge Hill,Queensland,QLD,145.736247,-16.901954,235
2026-06,306021157,Woree,Queensland,QLD,145.744928,-16.960833,440
2026-06,306031158,Babinda,Queensland,QLD,145.959618,-17.301265,230
2026-06,306031159,Innisfail,Queensland,QLD,146.006965,-17.519042,815
2026-06,306031160,Johnstone,Queensland,QLD,145.913885,-17.716919,440
2026-06,306031161,Tully,Queensland,QLD,145.856193,-18.123219,745
2026-06,306031162,Wooroonooran,Queensland,QLD,145.793565,-17.362607,0
2026-06,306031163,Yarrabah,Queensland,QLD,145.874568,-17.01727,655
2026-06,306041164,Daintree,Queensland,QLD,145.245793,-16.229648,510
2026-06,306041165,Port Douglas,Queensland,QLD,145.483123,-16.591471,200
2026-06,306051166,Atherton,Queensland,QLD,145.459589,-17.207521,560
2026-06,306051167,Herberton,Queensland,QLD,145.267527,-17.954069,570
2026-06,306051168,Kuranda,Queensland,QLD,145.566144,-16.811588,475
2026-06,306051169,Malanda - Yungaburra,Queensland,QLD,145.602505,-17.383975,405
2026-06,306051170,Mareeba,Queensland,QLD,145.506079,-17.045304,850
2026-06,307011171,Balonne,Queensland,QLD,147.943537,-28.285273,235
2026-06,307011172,Chinchilla,Queensland,QLD,150.759457,-26.304957,355
2026-06,307011173,Goondiwindi,Queensland,QLD,150.368543,-28.411622,210
2026-06,307011174,Inglewood - Waggamba,Queensland,QLD,149.588758,-28.547846,195
2026-06,307011175,Miles - Wandoan,Queensland,QLD,150.076971,-26.45876,195
2026-06,307011176,Roma,Queensland,QLD,148.802478,-26.563624,290
2026-06,307011177,Roma Surrounds,Queensland,QLD,148.538096,-26.396152,165
2026-06,307011178,Tara,Queensland,QLD,150.165711,-27.493413,510
2026-06,307021179,Crows Nest - Rosalie,Queensland,QLD,151.866185,-27.106586,350
2026-06,307021180,Jondaryan,Queensland,QLD,151.574919,-27.403285,285
2026-06,307021181,Millmerran,Queensland,QLD,151.122364,-27.838402,200
2026-06,307021182,Pittsworth,Queensland,QLD,151.576911,-27.734559,130
2026-06,307021183,Wambo,Queensland,QLD,151.234361,-27.053134,720
2026-06,307031184,Clifton - Greenmount,Queensland,QLD,151.927972,-27.845359,160
2026-06,307031185,Southern Downs - East,Queensland,QLD,152.277837,-28.233538,160
2026-06,307031186,Southern Downs - West,Queensland,QLD,151.720474,-28.229631,250
2026-06,307031187,Stanthorpe,Queensland,QLD,151.925283,-28.661698,280
2026-06,307031188,Stanthorpe Surrounds,Queensland,QLD,151.764133,-28.72804,330
2026-06,307031189,Warwick,Queensland,QLD,152.0127,-28.23709,715
2026-06,308011190,Central Highlands - East,Queensland,QLD,149.420512,-24.007726,490
2026-06,308011191,Central Highlands - West,Queensland,QLD,148.166551,-24.062313,320
2026-06,308011192,Emerald,Queensland,QLD,148.161217,-23.528335,390
2026-06,308031205,Berserker,Queensland,QLD,150.52774,-23.372816,555
2026-06,308031206,Bouldercombe,Queensland,QLD,150.635771,-23.635949,70
2026-06,308031207,Emu Park,Queensland,QLD,150.797044,-23.254851,230
2026-06,308031208,Frenchville - Mount Archer,Queensland,QLD,150.583564,-23.327419,270
2026-06,308031209,Glenlee - Rockyview,Queensland,QLD,150.482469,-23.244594,50
2026-06,308031210,Gracemere,Queensland,QLD,150.409955,-23.483685,485
2026-06,308031211,Lakes Creek,Queensland,QLD,150.563812,-23.371848,285
2026-06,308031212,Mount Morgan,Queensland,QLD,150.387975,-23.722796,335
2026-06,308031213,Norman Gardens,Queensland,QLD,150.548554,-23.304423,300
2026-06,308031214,Park Avenue,Queensland,QLD,150.509477,-23.358736,265
2026-06,308031215,Parkhurst - Kawana,Queensland,QLD,150.499527,-23.319846,340
2026-06,308031216,Rockhampton - West,Queensland,QLD,150.462057,-23.395753,240
2026-06,308031217,Rockhampton City,Queensland,QLD,150.54152,-23.415864,540
2026-06,308031218,Rockhampton Surrounds - East,Queensland,QLD,150.698408,-23.351183,105
2026-06,308031219,Rockhampton Surrounds - North,Queensland,QLD,149.785961,-22.70114,150
2026-06,308031220,Rockhampton Surrounds - West,Queensland,QLD,150.120365,-23.367562,65
2026-06,308031221,Shoalwater Bay,Queensland,QLD,150.39714,-22.622157,0
2026-06,308031222,The Range - Allenstown,Queensland,QLD,150.501168,-23.393226,290
2026-06,308031223,Yeppoon,Queensland,QLD,150.73324,-23.153048,595
2026-06,308041528,Banana,Queensland,QLD,150.104066,-24.805379,270
2026-06,308041529,Biloela,Queensland,QLD,150.517617,-24.390055,205
2026-06,308051530,Agnes Water - Miriam Vale,Queensland,QLD,151.701091,-24.383195,620
2026-06,308051531,Boyne Island - Tannum Sands,Queensland,QLD,151.352427,-23.962401,335
2026-06,308051532,Callemondah,Queensland,QLD,151.210078,-23.837942,5
2026-06,308051533,Clinton - New Auckland,Queensland,QLD,151.222208,-23.890271,620
2026-06,308051534,Gladstone,Queensland,QLD,151.26716,-23.858004,710
2026-06,308051535,Gladstone Hinterland,Queensland,QLD,151.095441,-24.105752,395
2026-06,308051536,Kin Kora - Sun Valley,Queensland,QLD,151.250138,-23.876221,170
2026-06,308051537,South Trees,Queensland,QLD,151.294695,-23.891657,0
2026-06,308051538,Telina - Toolooa,Queensland,QLD,151.2683,-23.911818,280
2026-06,308051539,West Gladstone,Queensland,QLD,151.247999,-23.858233,395
2026-06,309011224,Broadbeach Waters,Queensland,QLD,153.416812,-28.027165,160
2026-06,309011225,Burleigh Heads,Queensland,QLD,153.45162,-28.09611,355
2026-06,309011226,Burleigh Waters,Queensland,QLD,153.435328,-28.084801,305
2026-06,309011227,Mermaid Beach - Broadbeach,Queensland,QLD,153.434768,-28.039383,440
2026-06,309011228,Mermaid Waters,Queensland,QLD,153.421779,-28.052212,325
2026-06,309011229,Miami,Queensland,QLD,153.4352,-28.069065,235
2026-06,309021230,Coolangatta,Queensland,QLD,153.53069,-28.169671,235
2026-06,309021231,Currumbin - Tugun,Queensland,QLD,153.490257,-28.14814,365
2026-06,309021232,Currumbin Waters,Queensland,QLD,153.460973,-28.157273,235
2026-06,309021233,Elanora,Queensland,QLD,153.442698,-28.138657,310
2026-06,309021234,Palm Beach,Queensland,QLD,153.45845,-28.11552,475
2026-06,309031235,Arundel,Queensland,QLD,153.369671,-27.936529,350
2026-06,309031236,Biggera Waters,Queensland,QLD,153.390363,-27.930007,425
2026-06,309031237,Coombabah,Queensland,QLD,153.37286,-27.91084,355
2026-06,309031238,Labrador,Queensland,QLD,153.398202,-27.945651,975
2026-06,309031239,Paradise Point - Hollywell,Queensland,QLD,153.390207,-27.887168,215
2026-06,309031240,Runaway Bay,Queensland,QLD,153.398042,-27.913827,240
2026-06,309041241,Guanaba - Springbrook,Queensland,QLD,153.271801,-28.090665,190
2026-06,309041242,Tamborine - Canungra,Queensland,QLD,153.165667,-28.096138,520
2026-06,309051243,Currumbin Valley - Tallebudgera,Queensland,QLD,153.389555,-28.181969,185
2026-06,309051244,Mudgeeraba - Bonogin,Queensland,QLD,153.35457,-28.117693,465
2026-06,309051245,Reedy Creek - Andrews,Queensland,QLD,153.397095,-28.111239,150
2026-06,309061246,Carrara,Queensland,QLD,153.369166,-28.020975,420
2026-06,309061247,Highland Park,Queensland,QLD,153.337095,-28.016369,265
2026-06,309061248,Nerang - Mount Nathan,Queensland,QLD,153.310451,-27.996378,785
2026-06,309061249,Pacific Pines - Gaven,Queensland,QLD,153.320612,-27.950472,450
2026-06,309061250,Worongary - Tallai,Queensland,QLD,153.326982,-28.052401,235
2026-06,309071251,Coomera,Queensland,QLD,153.329703,-27.848817,650
2026-06,309071252,Helensvale,Queensland,QLD,153.330793,-27.908778,450
2026-06,309071253,Hope Island,Queensland,QLD,153.36077,-27.863356,365
2026-06,309071254,Jacobs Well - Alberton,Queensland,QLD,153.351148,-27.749075,160
2026-06,309071256,Oxenford - Maudsland,Queensland,QLD,153.284404,-27.926433,500
2026-06,309071552,Ormeau (East) - Stapylton,Queensland,QLD,153.251233,-27.753982,265
2026-06,309071553,Ormeau (West) - Yatala,Queensland,QLD,153.222242,-27.77042,270
2026-06,309071554,Pimpama - North,Queensland,QLD,153.292572,-27.805953,305
2026-06,309071555,Pimpama - South,Queensland,QLD,153.31515,-27.828258,365
2026-06,309071556,Upper Coomera (South) - Wongawallan,Queensland,QLD,153.221627,-27.867175,225
2026-06,309071557,Upper Coomera - North,Queensland,QLD,153.293078,-27.863021,675
2026-06,309071558,Willow Vale - Pimpama (West),Queensland,QLD,153.256384,-27.836963,220
2026-06,309081259,Clear Island Waters,Queensland,QLD,153.397821,-28.043817,90
2026-06,309081260,Merrimac,Queensland,QLD,153.373419,-28.049849,195
2026-06,309081262,Varsity Lakes,Queensland,QLD,153.413146,-28.087944,460
2026-06,309081559,Robina - East,Queensland,QLD,153.407286,-28.070925,375
2026-06,309081560,Robina - West,Queensland,QLD,153.378715,-28.069517,240
2026-06,309091263,Ashmore,Queensland,QLD,153.372429,-27.988113,360
2026-06,309091264,Molendinar,Queensland,QLD,153.362465,-27.974033,275
2026-06,309091265,Parkwood,Queensland,QLD,153.363723,-27.954821,315
2026-06,309091540,Southport - North,Queensland,QLD,153.39718,-27.96544,1005
2026-06,309091541,Southport - South,Queensland,QLD,153.404772,-27.984995,815
2026-06,309101267,Benowa,Queensland,QLD,153.388287,-28.010655,190
2026-06,309101268,Bundall,Queensland,QLD,153.405652,-28.01355,115
2026-06,309101269,Main Beach,Queensland,QLD,153.427039,-27.958869,90
2026-06,309101561,Surfers Paradise - North,Queensland,QLD,153.427616,-27.992076,550
2026-06,309101562,Surfers Paradise - South,Queensland,QLD,153.422381,-28.009326,510
2026-06,310011271,Darra - Sumner,Queensland,QLD,152.945832,-27.568024,260
2026-06,310011272,Durack,Queensland,QLD,152.98611,-27.590052,410
2026-06,310011274,Inala - Richlands,Queensland,QLD,152.958181,-27.59079,1700
2026-06,310011275,Oxley (Qld),Queensland,QLD,152.975433,-27.561398,245
2026-06,310011276,Wacol,Queensland,QLD,152.924618,-27.594732,285
2026-06,310011563,Doolandella,Queensland,QLD,152.985952,-27.613749,345
2026-06,310011564,Forest Lake - Ellen Grove,Queensland,QLD,152.957052,-27.618371,690
2026-06,310021277,Boonah,Queensland,QLD,152.599472,-28.027767,350
2026-06,310021278,Esk,Queensland,QLD,152.469492,-27.209731,260
2026-06,310021279,Lake Manchester - England Creek,Queensland,QLD,152.77375,-27.407868,0
2026-06,310021280,Lockyer Valley - East,Queensland,QLD,152.342837,-27.688918,960
2026-06,310021281,Lowood,Queensland,QLD,152.590983,-27.447005,645
2026-06,310021282,Rosewood,Queensland,QLD,152.565782,-27.69894,565
2026-06,310031283,Brassall,Queensland,QLD,152.736594,-27.591717,605
2026-06,310031284,Bundamba,Queensland,QLD,152.814115,-27.61229,620
2026-06,310031285,Churchill - Yamanto,Queensland,QLD,152.749137,-27.644448,255
2026-06,310031286,Ipswich - Central,Queensland,QLD,152.755204,-27.615908,575
2026-06,310031287,Ipswich - East,Queensland,QLD,152.783099,-27.609172,1020
2026-06,310031288,Ipswich - North,Queensland,QLD,152.711369,-27.535943,95
2026-06,310031289,Karalee - Barellan Point,Queensland,QLD,152.825282,-27.559067,120
2026-06,310031290,Karana Downs,Queensland,QLD,152.80479,-27.522442,100
2026-06,310031291,Leichhardt - One Mile,Queensland,QLD,152.721838,-27.610256,615
2026-06,310031292,North Ipswich - Tivoli,Queensland,QLD,152.767678,-27.592921,365
2026-06,310031293,Raceview,Queensland,QLD,152.772992,-27.645405,575
2026-06,310031294,Ripley,Queensland,QLD,152.81617,-27.695395,585
2026-06,310031295,Riverview,Queensland,QLD,152.847434,-27.592804,305
2026-06,310041297,Camira - Gailes,Queensland,QLD,152.9174,-27.631329,420
2026-06,310041298,Carole Park,Queensland,QLD,152.927937,-27.621492,0
2026-06,310041299,Collingwood Park - Redbank,Queensland,QLD,152.863064,-27.611393,555
2026-06,310041300,Goodna,Queensland,QLD,152.892774,-27.60885,770
2026-06,310041301,New Chum,Queensland,QLD,152.834938,-27.617286,5
2026-06,310041302,Redbank Plains,Queensland,QLD,152.847717,-27.651819,1505
2026-06,310041303,Springfield,Queensland,QLD,152.911822,-27.655739,220
2026-06,310041304,Springfield Lakes,Queensland,QLD,152.902444,-27.682913,535
2026-06,310041565,Augustine Heights - Brookwater,Queensland,QLD,152.886583,-27.659282,130
2026-06,310041566,Bellbird Park,Queensland,QLD,152.884936,-27.63859,400
2026-06,311011305,Beaudesert,Queensland,QLD,152.918087,-28.11451,795
2026-06,311021306,Beenleigh,Queensland,QLD,153.194122,-27.712366,670
2026-06,311021307,Eagleby,Queensland,QLD,153.217929,-27.702865,825
2026-06,311021308,Edens Landing - Holmview,Queensland,QLD,153.170543,-27.710238,380
2026-06,311021309,Mount Warren Park,Queensland,QLD,153.205081,-27.730572,200
2026-06,311021310,Wolffdene - Bahrs Scrub,Queensland,QLD,153.180383,-27.763308,300
2026-06,311031311,Boronia Heights - Park Ridge,Queensland,QLD,153.051013,-27.701148,1070
2026-06,311031312,Browns Plains,Queensland,QLD,153.059344,-27.664457,540
2026-06,311031313,Chambers Flat - Logan Reserve,Queensland,QLD,153.08702,-27.733544,795
2026-06,311031314,Crestmead,Queensland,QLD,153.08278,-27.684851,765
2026-06,311031315,Greenbank Military Camp,Queensland,QLD,152.976571,-27.674063,0
2026-06,311031316,Hillcrest,Queensland,QLD,153.01326,-27.664631,360
2026-06,311031317,Marsden,Queensland,QLD,153.096759,-27.673437,1015
2026-06,311031318,Munruben - Park Ridge South,Queensland,QLD,153.035325,-27.74007,165
2026-06,311031319,Regents Park - Heritage Park,Queensland,QLD,153.050111,-27.681635,580
2026-06,311041322,Logan Village,Queensland,QLD,153.103011,-27.771965,310
2026-06,311041567,Flagstone (East) - Riverbend,Queensland,QLD,152.973316,-27.821077,210
2026-06,311041568,Flagstone (West) - New Beith,Queensland,QLD,152.890621,-27.786709,290
2026-06,311041569,Greenbank - North Maclean,Queensland,QLD,152.993858,-27.737441,430
2026-06,311041570,Jimboomba - Glenlogan,Queensland,QLD,153.02664,-27.863618,605
2026-06,311041571,Yarrabilba,Queensland,QLD,153.14061,-27.830033,625
2026-06,311051323,Bethania - Waterford,Queensland,QLD,153.152219,-27.695784,540
2026-06,311051324,Cornubia - Carbrook,Queensland,QLD,153.236304,-27.668996,165
2026-06,311051325,Loganholme - Tanah Merah,Queensland,QLD,153.184476,-27.679337,435
2026-06,311051326,Loganlea,Queensland,QLD,153.140048,-27.671798,950
2026-06,311051327,Shailer Park,Queensland,QLD,153.175347,-27.650636,270
2026-06,311051328,Waterford West,Queensland,QLD,153.122434,-27.692907,505
2026-06,311061329,Daisy Hill,Queensland,QLD,153.161376,-27.628087,180
2026-06,311061330,Kingston (Qld),Queensland,QLD,153.109121,-27.661355,1150
2026-06,311061331,Logan Central,Queensland,QLD,153.101211,-27.646259,810
2026-06,311061332,Rochedale South - Priestdale,Queensland,QLD,153.145735,-27.605396,425
2026-06,311061333,Slacks Creek,Queensland,QLD,153.128544,-27.638276,840
2026-06,311061334,Springwood,Queensland,QLD,153.139032,-27.621443,305
2026-06,311061335,Underwood,Queensland,QLD,153.111385,-27.606776,235
2026-06,311061336,Woodridge,Queensland,QLD,153.104791,-27.628705,1470
2026-06,312011337,Bowen,Queensland,QLD,148.234136,-20.018518,550
2026-06,312011338,Broadsound - Nebo,Queensland,QLD,148.914855,-22.243659,195
2026-06,312011339,Clermont,Queensland,QLD,147.113855,-22.409634,85
2026-06,312011340,Collinsville,Queensland,QLD,147.667084,-20.69739,265
2026-06,312011341,Moranbah,Queensland,QLD,147.880093,-21.948668,165
2026-06,312021342,Andergrove - Beaconsfield,Queensland,QLD,149.177096,-21.091339,570
2026-06,312021343,East Mackay,Queensland,QLD,149.196076,-21.16159,120
2026-06,312021344,Eimeo - Rural View,Queensland,QLD,149.162412,-21.057335,335
2026-06,312021345,Eungella Hinterland,Queensland,QLD,148.380868,-21.057135,0
2026-06,312021346,Mackay,Queensland,QLD,149.186254,-21.14325,495
2026-06,312021347,Mackay Harbour,Queensland,QLD,149.21035,-21.120886,15
2026-06,312021348,Mount Pleasant - Glenella,Queensland,QLD,149.122076,-21.099199,230
2026-06,312021349,North Mackay,Queensland,QLD,149.182014,-21.122077,360
2026-06,312021350,Ooralea - Bakers Creek,Queensland,QLD,149.15917,-21.190333,155
2026-06,312021351,Pioneer Valley,Queensland,QLD,148.843641,-21.208893,200
2026-06,312021352,Sarina,Queensland,QLD,149.184612,-21.507929,480
2026-06,312021353,Seaforth - Calen,Queensland,QLD,148.714324,-20.848899,300
2026-06,312021354,Shoal Point - Bucasia,Queensland,QLD,149.144701,-21.024631,200
2026-06,312021355,Slade Point,Queensland,QLD,149.212999,-21.081026,185
2026-06,312021356,South Mackay,Queensland,QLD,149.177694,-21.164831,325
2026-06,312021357,Walkerston - Eton,Queensland,QLD,149.049187,-21.277775,190
2026-06,312021358,West Mackay,Queensland,QLD,149.164246,-21.151349,220
2026-06,312031359,Airlie - Whitsundays,Queensland,QLD,148.913261,-20.119422,555
2026-06,312031360,Cape Conway,Queensland,QLD,148.777868,-20.410751,0
2026-06,312031361,Proserpine,Queensland,QLD,148.487794,-20.397794,345
2026-06,313011362,Beachmere - Sandstone Point,Queensland,QLD,153.071251,-27.060576,695
2026-06,313011363,Bribie Island,Queensland,QLD,153.1193,-26.954976,795
2026-06,313021364,Burpengary - East,Queensland,QLD,152.999411,-27.123424,175
2026-06,313021366,Caboolture - South,Queensland,QLD,152.932087,-27.102406,1400
2026-06,313021367,Elimbah,Queensland,QLD,152.970362,-26.997076,150
2026-06,313021368,Morayfield - East,Queensland,QLD,152.964157,-27.106995,565
2026-06,313021369,Wamuran,Queensland,QLD,152.865824,-27.032766,120
2026-06,313021572,Caboolture - East,Queensland,QLD,152.988994,-27.067911,1070
2026-06,313021573,Caboolture - West,Queensland,QLD,152.925201,-27.058696,935
2026-06,313031370,Kilcoy,Queensland,QLD,152.420487,-26.777989,200
2026-06,313031371,Woodford - D'Aguilar,Queensland,QLD,152.755446,-26.951196,295
2026-06,313041372,Burpengary,Queensland,QLD,152.950901,-27.155484,625
2026-06,313041373,Deception Bay,Queensland,QLD,153.006789,-27.179852,1330
2026-06,313041374,Morayfield,Queensland,QLD,152.915625,-27.147045,285
2026-06,313041375,Narangba,Queensland,QLD,152.924467,-27.187746,475
2026-06,313041376,Upper Caboolture,Queensland,QLD,152.867748,-27.127834,115
2026-06,313051377,Clontarf,Queensland,QLD,153.08228,-27.248161,385
2026-06,313051378,Margate - Woody Point,Queensland,QLD,153.102809,-27.249445,600
2026-06,313051379,Redcliffe,Queensland,QLD,153.106459,-27.22678,575
2026-06,313051380,Rothwell - Kippa-Ring,Queensland,QLD,153.054557,-27.214991,760
2026-06,313051574,Moreton Island,Queensland,QLD,153.394018,-27.192631,5
2026-06,313051575,Scarborough - Newport,Queensland,QLD,153.102701,-27.204974,350
2026-06,314011382,Albany Creek,Queensland,QLD,152.968008,-27.353614,210
2026-06,314011383,Cashmere,Queensland,QLD,152.914106,-27.29707,315
2026-06,314011384,Dayboro,Queensland,QLD,152.831283,-27.20678,160
2026-06,314011385,Eatons Hill,Queensland,QLD,152.937078,-27.341133,80
2026-06,314011386,The Hills District,Queensland,QLD,152.944004,-27.37812,410
2026-06,314011387,Samford Valley,Queensland,QLD,152.84483,-27.358003,135
2026-06,314021389,Murrumba Downs - Griffin,Queensland,QLD,153.037073,-27.272907,560
2026-06,314021576,Dakabin,Queensland,QLD,152.985694,-27.223406,210
2026-06,314021577,Kallangur,Queensland,QLD,152.994803,-27.249315,1130
2026-06,314021578,Mango Hill,Queensland,QLD,153.044517,-27.241013,295
2026-06,314021579,North Lakes,Queensland,QLD,153.013332,-27.224898,440
2026-06,314031391,Bray Park,Queensland,QLD,152.970435,-27.294361,375
2026-06,314031392,Lawnton,Queensland,QLD,152.978894,-27.281528,365
2026-06,314031393,Petrie,Queensland,QLD,152.96847,-27.262894,340
2026-06,314031394,Strathpine - Brendale,Queensland,QLD,152.982149,-27.31371,665
2026-06,315011395,Aurukun,Queensland,QLD,141.769445,-13.60359,435
2026-06,315011396,Cape York,Queensland,QLD,142.761734,-13.682458,1225
2026-06,315011397,Croydon - Etheridge,Queensland,QLD,142.975486,-18.514239,80
2026-06,315011398,Kowanyama - Pormpuraaw,Queensland,QLD,141.861731,-14.865555,520
2026-06,315011399,Northern Peninsula,Queensland,QLD,142.310871,-10.975784,385
2026-06,315011400,Tablelands,Queensland,QLD,143.924401,-17.130001,395
2026-06,315011401,Torres,Queensland,QLD,142.188682,-10.682445,245
2026-06,315011402,Torres Strait Islands,Queensland,QLD,142.681722,-9.396834,745
2026-06,315011403,Weipa,Queensland,QLD,141.876452,-12.634327,95
2026-06,315021404,Carpentaria,Queensland,QLD,138.718541,-17.387932,980
2026-06,315021405,Mount Isa,Queensland,QLD,139.49786,-20.717396,1255
2026-06,315021406,Mount Isa Surrounds,Queensland,QLD,138.737251,-20.699182,240
2026-06,315021407,Northern Highlands,Queensland,QLD,143.070167,-20.673964,150
2026-06,315031408,Barcaldine - Blackall,Queensland,QLD,146.010693,-23.706341,170
2026-06,315031409,Charleville,Queensland,QLD,146.369031,-26.135623,210
2026-06,315031410,Far Central West,Queensland,QLD,140.470395,-23.787516,85
2026-06,315031411,Far South West,Queensland,QLD,143.132981,-26.815375,225
2026-06,315031412,Longreach,Queensland,QLD,143.913113,-23.875174,140
2026-06,316011413,Buderim - North,Queensland,QLD,153.049707,-26.67346,385
2026-06,316011414,Buderim - South,Queensland,QLD,153.048231,-26.709997,300
2026-06,316011415,Mountain Creek,Queensland,QLD,153.101253,-26.699984,235
2026-06,316011416,Sippy Downs,Queensland,QLD,153.07838,-26.725692,300
2026-06,316021417,Aroona - Currimundi,Queensland,QLD,153.116993,-26.774155,250
2026-06,316021418,Buddina - Minyama,Queensland,QLD,153.127554,-26.693783,145
2026-06,316021419,Caloundra - Kings Beach,Queensland,QLD,153.127275,-26.796976,370
2026-06,316021421,Golden Beach - Pelican Waters,Queensland,QLD,153.110789,-26.826849,305
2026-06,316021422,Moffat Beach - Battery Hill,Queensland,QLD,153.135777,-26.78654,245
2026-06,316021423,Parrearra - Warana,Queensland,QLD,153.128668,-26.721808,225
2026-06,316021424,Wurtulla - Birtinya,Queensland,QLD,153.123732,-26.747838,285
2026-06,316021580,Caloundra West - Baringa,Queensland,QLD,153.073787,-26.812903,545
2026-06,316021581,Meridan Plains - Little Mountain (North),Queensland,QLD,153.084251,-26.765053,300
2026-06,316031425,Coolum Beach,Queensland,QLD,153.084918,-26.536043,430
2026-06,316031426,Marcoola - Mudjimba,Queensland,QLD,153.077165,-26.608738,305
2026-06,316031427,Maroochydore - Kuluin,Queensland,QLD,153.075398,-26.655965,825
2026-06,316031428,Mooloolaba - Alexandra Headland,Queensland,QLD,153.110645,-26.679787,320
2026-06,316051434,Noosa Heads,Queensland,QLD,153.091505,-26.400066,100
2026-06,316051435,Noosaville,Queensland,QLD,153.057527,-26.424841,215
2026-06,316051437,Sunshine Beach,Queensland,QLD,153.102527,-26.419766,165
2026-06,316051438,Tewantin,Queensland,QLD,153.016567,-26.391264,335
2026-06,316051543,Peregian Beach - Marcus Beach,Queensland,QLD,153.090047,-26.466788,105
2026-06,316051544,Peregian Springs,Queensland,QLD,153.07081,-26.494397,165
2026-06,316061439,Beerwah,Queensland,QLD,152.980953,-26.855664,340
2026-06,316061440,Caloundra Hinterland,Queensland,QLD,152.755504,-26.72608,330
2026-06,316061441,Glass House Mountains,Queensland,QLD,152.966955,-26.925628,200
2026-06,316061442,Landsborough,Queensland,QLD,152.987058,-26.789679,505
2026-06,316061443,Maroochy Hinterland,Queensland,QLD,152.747062,-26.59863,300
2026-06,316061444,Palmwoods,Queensland,QLD,152.94677,-26.703746,355
2026-06,316071545,Bli Bli,Queensland,QLD,153.013368,-26.601625,260
2026-06,316071546,Diddillibah - Rosemount,Queensland,QLD,153.021561,-26.64506,110
2026-06,316071547,Eumundi - Yandina,Queensland,QLD,152.997146,-26.517027,485
2026-06,316071548,Nambour,Queensland,QLD,152.941958,-26.631869,1110
2026-06,316081549,Noosa Hinterland,Queensland,QLD,152.930828,-26.318168,795
2026-06,317011445,Cambooya - Wyreema,Queensland,QLD,151.858822,-27.700014,175
2026-06,317011446,Darling Heights,Queensland,QLD,151.933528,-27.603632,630
2026-06,317011447,Drayton - Harristown,Queensland,QLD,151.917364,-27.591189,580
2026-06,317011448,Gatton,Queensland,QLD,152.280108,-27.564146,365
2026-06,317011449,Gowrie (Qld),Queensland,QLD,151.884121,-27.445665,160
2026-06,317011450,Highfields,Queensland,QLD,151.963649,-27.430206,215
2026-06,317011451,Lockyer Valley - West,Queensland,QLD,152.140729,-27.67735,410
2026-06,317011452,Middle Ridge,Queensland,QLD,151.966343,-27.608119,100
2026-06,317011453,Newtown (Qld),Queensland,QLD,151.93059,-27.554423,555
2026-06,317011454,North Toowoomba - Harlaxton,Queensland,QLD,151.954118,-27.526629,360
2026-06,317011455,Rangeville,Queensland,QLD,151.98783,-27.58496,195
2026-06,317011456,Toowoomba - Central,Queensland,QLD,151.953635,-27.573197,830
2026-06,317011457,Toowoomba - East,Queensland,QLD,151.980222,-27.54938,330
2026-06,317011458,Toowoomba - West,Queensland,QLD,151.843597,-27.565717,465
2026-06,317011459,Wilsonton,Queensland,QLD,151.925729,-27.523436,800
2026-06,318011460,Ayr,Queensland,QLD,147.410087,-19.579985,465
2026-06,318011461,Burdekin,Queensland,QLD,147.217049,-19.849312,345
2026-06,318011462,Charters Towers,Queensland,QLD,146.270318,-20.068752,505
2026-06,318011463,Dalrymple,Queensland,QLD,145.974119,-20.208948,130
2026-06,318011464,Ingham,Queensland,QLD,146.153102,-18.653269,325
2026-06,318011465,Ingham Surrounds,Queensland,QLD,145.961861,-18.658579,260
2026-06,318011466,Palm Island,Queensland,QLD,146.605854,-18.726405,510
2026-06,318021467,Aitkenvale,Queensland,QLD,146.769453,-19.298552,320
2026-06,318021468,Annandale (Qld),Queensland,QLD,146.78754,-19.326751,150
2026-06,318021469,Belgian Gardens - Pallarenda,Queensland,QLD,146.754176,-19.217712,90
2026-06,318021470,Bohle Plains,Queensland,QLD,146.629663,-19.319996,150
2026-06,318021471,Condon - Rasmussen,Queensland,QLD,146.693936,-19.354582,680
2026-06,318021472,Cranbrook,Queensland,QLD,146.753228,-19.30527,350
2026-06,318021474,Douglas,Queensland,QLD,146.779294,-19.36613,145
2026-06,318021475,Garbutt - West End,Queensland,QLD,146.771751,-19.256148,560
2026-06,318021476,Gulliver - Currajong - Vincent,Queensland,QLD,146.771256,-19.28103,590
2026-06,318021477,Heatley,Queensland,QLD,146.754508,-19.292257,275
2026-06,318021478,Hermit Park - Rosslea,Queensland,QLD,146.800143,-19.288768,370
2026-06,318021479,Hyde Park - Pimlico,Queensland,QLD,146.79073,-19.281739,325
2026-06,318021480,Kelso,Queensland,QLD,146.688697,-19.435131,600
2026-06,318021481,Kirwan - East,Queensland,QLD,146.740627,-19.302278,580
2026-06,318021482,Kirwan - West,Queensland,QLD,146.72033,-19.303446,465
2026-06,318021483,Magnetic Island,Queensland,QLD,146.833449,-19.142168,140
2026-06,318021484,Mount Louisa,Queensland,QLD,146.731535,-19.250512,305
2026-06,318021485,Mundingburra,Queensland,QLD,146.786214,-19.298946,150
2026-06,318021486,Northern Beaches,Queensland,QLD,146.522693,-19.177434,335
2026-06,318021487,Oonoonba,Queensland,QLD,146.812521,-19.304933,175
2026-06,318021488,South Townsville - Railway Estate,Queensland,QLD,146.824769,-19.267076,285
2026-06,318021489,Townsville - South,Queensland,QLD,146.865494,-19.483326,160
2026-06,318021490,Townsville City - North Ward,Queensland,QLD,146.808731,-19.253921,645
2026-06,318021491,Wulguru - Roseneath,Queensland,QLD,146.872706,-19.324085,270
2026-06,318021582,Burdell - Mount Low,Queensland,QLD,146.674053,-19.219011,395
2026-06,318021583,Deeragun - Jensen,Queensland,QLD,146.661371,-19.253212,240
2026-06,319011492,Ashfield - Kepnock,Queensland,QLD,152.391129,-24.87233,240
2026-06,319011493,Bargara - Burnett Heads,Queensland,QLD,152.436902,-24.847325,720
2026-06,319011494,Branyan - Kensington,Queensland,QLD,152.288351,-24.916978,200
2026-06,319011495,Bundaberg,Queensland,QLD,152.350402,-24.870881,635
2026-06,319011496,Bundaberg East - Kalkie,Queensland,QLD,152.38246,-24.847227,300
2026-06,319011497,Bundaberg North - Gooburrum,Queensland,QLD,152.32644,-24.83239,430
2026-06,319011498,Bundaberg Surrounds - North,Queensland,QLD,152.163454,-24.755651,490
2026-06,319011499,Bundaberg Surrounds - South,Queensland,QLD,152.307674,-25.165647,660
2026-06,319011500,Millbank - Avoca,Queensland,QLD,152.310074,-24.8802,330
2026-06,319011501,Svensson Heights - Norville,Queensland,QLD,152.339604,-24.892254,340
2026-06,319011502,Walkervale - Avenell Heights,Queensland,QLD,152.363756,-24.898918,655
2026-06,319021503,Gayndah - Mundubbera,Queensland,QLD,151.463261,-25.675293,380
2026-06,319021504,Gin Gin,Queensland,QLD,151.833206,-25.027561,520
2026-06,319021505,Kingaroy,Queensland,QLD,151.835666,-26.525331,515
2026-06,319021506,Kingaroy Surrounds - North,Queensland,QLD,151.524869,-26.18168,785
2026-06,319021507,Kingaroy Surrounds - South,Queensland,QLD,151.67371,-26.608248,170
2026-06,319021508,Monto - Eidsvold,Queensland,QLD,151.054146,-25.06374,285
2026-06,319021509,Nanango,Queensland,QLD,151.9826,-26.653535,800
2026-06,319021510,North Burnett,Queensland,QLD,151.439363,-24.65603,0
2026-06,319031511,Cooloola,Queensland,QLD,152.900504,-25.997159,400
2026-06,319031512,Gympie - North,Queensland,QLD,152.674867,-26.177986,1015
2026-06,319031513,Gympie - South,Queensland,QLD,152.654069,-26.219664,355
2026-06,319031514,Gympie Surrounds,Queensland,QLD,152.556658,-26.230417,1025
2026-06,319031515,Kilkivan,Queensland,QLD,152.240543,-26.135325,200
2026-06,319041516,Booral - River Heads,Queensland,QLD,152.834987,-25.364388,320
2026-06,319041517,Craignish - Dundowran Beach,Queensland,QLD,152.752312,-25.288328,180
2026-06,319041518,Pialba - Eli Waters,Queensland,QLD,152.825548,-25.286959,820
2026-06,319041519,Point Vernon,Queensland,QLD,152.816692,-25.256705,325
2026-06,319041520,Torquay - Scarness - Kawungan,Queensland,QLD,152.847178,-25.302322,900
2026-06,319041521,Urangan - Wondunna,Queensland,QLD,152.875332,-25.310345,670
2026-06,319051522,Burrum - Fraser,Queensland,QLD,152.567065,-25.344353,625
2026-06,319051523,Granville,Queensland,QLD,152.713571,-25.583267,210
2026-06,319051524,Maryborough (Qld),Queensland,QLD,152.66231,-25.510348,1295
2026-06,319051525,Maryborough Surrounds - South,Queensland,QLD,152.454355,-25.689759,805
2026-06,319051526,Tinana,Queensland,QLD,152.659453,-25.544875,255
2026-06,401011001,Adelaide,South Australia,SA,138.600206,-34.925722,1230
2026-06,401011002,North Adelaide,South Australia,SA,138.59485,-34.909048,135
2026-06,401021003,Adelaide Hills,South Australia,SA,138.882304,-34.792679,130
2026-06,401021004,Aldgate - Stirling,South Australia,SA,138.735531,-35.045203,245
2026-06,401021005,Hahndorf - Echunga,South Australia,SA,138.773865,-35.089651,70
2026-06,401021006,Lobethal - Woodside,South Australia,SA,138.873331,-34.950555,190
2026-06,401021007,Mount Barker,South Australia,SA,138.866417,-35.063692,690
2026-06,401021008,Mount Barker Surrounds,South Australia,SA,138.967247,-35.069018,200
2026-06,401021009,Nairne,South Australia,SA,138.914333,-35.033018,115
2026-06,401021010,Uraidla - Summertown,South Australia,SA,138.747188,-34.924222,75
2026-06,401031011,Burnside - Wattle Park,South Australia,SA,138.672232,-34.932054,270
2026-06,401031012,Beaumont - Glen Osmond,South Australia,SA,138.658953,-34.95995,115
2026-06,401031013,Toorak Gardens,South Australia,SA,138.642162,-34.937253,230
2026-06,401041014,Athelstone,South Australia,SA,138.707098,-34.871949,180
2026-06,401041015,Paradise - Newton,South Australia,SA,138.669205,-34.875861,610
2026-06,401041016,Rostrevor - Magill,South Australia,SA,138.67417,-34.899531,570
2026-06,401051017,Norwood (SA),South Australia,SA,138.633888,-34.924011,325
2026-06,401051018,Payneham - Felixstow,South Australia,SA,138.647048,-34.898909,315
2026-06,401051019,St Peters - Marden,South Australia,SA,138.62721,-34.903264,265
2026-06,401061020,Nailsworth - Broadview,South Australia,SA,138.611005,-34.884844,135
2026-06,401061021,Prospect,South Australia,SA,138.593024,-34.884791,395
2026-06,401061022,Walkerville,South Australia,SA,138.611845,-34.894393,160
2026-06,401071023,Goodwood - Millswood,South Australia,SA,138.589894,-34.954363,345
2026-06,401071024,Unley - Parkside,South Australia,SA,138.617597,-34.952793,340
2026-06,402011025,Gawler - North,South Australia,SA,138.699494,-34.566095,260
2026-06,402011026,Gawler - South,South Australia,SA,138.762989,-34.610622,1055
2026-06,402011027,Lewiston - Two Wells,South Australia,SA,138.559334,-34.607541,290
2026-06,402021028,Craigmore - Blakeview,South Australia,SA,138.7065,-34.687327,1005
2026-06,402021029,Davoren Park,South Australia,SA,138.670292,-34.688792,1815
2026-06,402021030,Elizabeth,South Australia,SA,138.66502,-34.733815,1510
2026-06,402021031,Elizabeth East,South Australia,SA,138.684197,-34.729635,1170
2026-06,402021032,Munno Para West - Angle Vale,South Australia,SA,138.646181,-34.647207,1050
2026-06,402021033,One Tree Hill,South Australia,SA,138.781293,-34.696446,40
2026-06,402021034,Smithfield - Elizabeth North,South Australia,SA,138.686327,-34.685318,1630
2026-06,402021035,Virginia - Waterloo Corner,South Australia,SA,138.538652,-34.69416,375
2026-06,402031036,Enfield - Blair Athol,South Australia,SA,138.598083,-34.854886,1485
2026-06,402031038,Windsor Gardens,South Australia,SA,138.636815,-34.872436,705
2026-06,402031175,Northgate - Northfield,South Australia,SA,138.633927,-34.852089,530
2026-06,402031176,Valley View - Gilles Plains,South Australia,SA,138.659956,-34.846318,450
2026-06,402041039,Dry Creek - North,South Australia,SA,138.563892,-34.781348,5
2026-06,402041040,Ingle Farm,South Australia,SA,138.649535,-34.82965,730
2026-06,402041041,Para Hills,South Australia,SA,138.655618,-34.801146,690
2026-06,402041042,Parafield,South Australia,SA,138.63055,-34.796778,0
2026-06,402041043,Parafield Gardens,South Australia,SA,138.613048,-34.783646,1095
2026-06,402041044,Paralowie,South Australia,SA,138.607724,-34.756828,1105
2026-06,402041046,Salisbury,South Australia,SA,138.634718,-34.771233,1630
2026-06,402041047,Salisbury East,South Australia,SA,138.678876,-34.775081,930
2026-06,402041048,Salisbury North,South Australia,SA,138.627509,-34.725332,1365
2026-06,402041171,Mawson Lakes - Globe Derby Park,South Australia,SA,138.603154,-34.798219,360
2026-06,402041172,Pooraka - Cavan,South Australia,SA,138.604113,-34.823702,465
2026-06,402051049,Golden Grove,South Australia,SA,138.753234,-34.765308,230
2026-06,402051050,Greenwith,South Australia,SA,138.715768,-34.765558,225
2026-06,402051051,Highbury - Dernancourt,South Australia,SA,138.720957,-34.853059,220
2026-06,402051052,Hope Valley - Modbury,South Australia,SA,138.693433,-34.842877,640
2026-06,402051053,Modbury Heights,South Australia,SA,138.68545,-34.809009,500
2026-06,402051054,Redwood Park,South Australia,SA,138.731653,-34.801307,445
2026-06,402051055,St Agnes - Ridgehaven,South Australia,SA,138.725336,-34.828929,355
2026-06,403011056,Brighton (SA),South Australia,SA,138.524191,-35.022043,285
2026-06,403011057,Glenelg (SA),South Australia,SA,138.519824,-34.982053,480
2026-06,403021058,Edwardstown,South Australia,SA,138.564712,-34.976755,590
2026-06,403021059,Hallett Cove,South Australia,SA,138.50946,-35.073814,255
2026-06,403021060,Marino - Seaview Downs,South Australia,SA,138.53488,-35.043761,190
2026-06,403021061,Mitchell Park,South Australia,SA,138.56279,-35.010821,695
2026-06,403021062,Morphettville,South Australia,SA,138.542738,-34.982031,535
2026-06,403021063,Sheidow Park - Trott Park,South Australia,SA,138.539653,-35.071734,245
2026-06,403021064,Warradale,South Australia,SA,138.540537,-35.012563,560
2026-06,403031065,Belair,South Australia,SA,138.644353,-34.996994,75
2026-06,403031066,Bellevue Heights,South Australia,SA,138.58642,-35.02416,170
2026-06,403031067,Blackwood,South Australia,SA,138.640684,-35.028164,185
2026-06,403031068,Colonel Light Gardens,South Australia,SA,138.587217,-34.97888,280
2026-06,403031069,Mitcham (SA),South Australia,SA,138.617964,-34.981634,215
2026-06,403031070,Panorama,South Australia,SA,138.588156,-35.00268,210
2026-06,403041071,Aberfoyle Park,South Australia,SA,138.609393,-35.079959,280
2026-06,403041072,Aldinga,South Australia,SA,138.47016,-35.295868,705
2026-06,403041073,Christie Downs,South Australia,SA,138.497565,-35.147895,840
2026-06,403041074,Christies Beach,South Australia,SA,138.478048,-35.1399,650
2026-06,403041075,Clarendon,South Australia,SA,138.637842,-35.119013,65
2026-06,403041076,Coromandel Valley,South Australia,SA,138.625134,-35.045661,60
2026-06,403041077,Flagstaff Hill,South Australia,SA,138.578009,-35.045176,230
2026-06,403041078,Hackham - Onkaparinga Hills,South Australia,SA,138.556679,-35.148984,315
2026-06,403041079,Hackham West - Huntfield Heights,South Australia,SA,138.514816,-35.151348,675
2026-06,403041080,Happy Valley,South Australia,SA,138.582544,-35.084407,365
2026-06,403041081,Happy Valley Reservoir,South Australia,SA,138.574902,-35.067065,0
2026-06,403041082,Lonsdale,South Australia,SA,138.490905,-35.107444,5
2026-06,403041083,McLaren Vale,South Australia,SA,138.571145,-35.19775,165
2026-06,403041084,Morphett Vale - East,South Australia,SA,138.535928,-35.120808,710
2026-06,403041085,Morphett Vale - West,South Australia,SA,138.515488,-35.121522,635
2026-06,403041086,Reynella,South Australia,SA,138.5276,-35.094366,400
2026-06,403041088,Willunga,South Australia,SA,138.543976,-35.279777,105
2026-06,403041089,Woodcroft,South Australia,SA,138.571526,-35.108336,280
2026-06,403041177,Seaford - Seaford Meadows,South Australia,SA,138.480679,-35.172838,560
2026-06,403041178,Seaford Rise - Moana,South Australia,SA,138.480049,-35.218904,395
2026-06,404011090,Beverley,South Australia,SA,138.536286,-34.890363,345
2026-06,404011091,Flinders Park,South Australia,SA,138.538518,-34.90581,555
2026-06,404011092,Henley Beach,South Australia,SA,138.506891,-34.920641,345
2026-06,404011093,Hindmarsh - Brompton,South Australia,SA,138.567884,-34.896559,885
2026-06,404011094,Royal Park - Hendon - Albert Park,South Australia,SA,138.512547,-34.871726,285
2026-06,404011095,Seaton - Grange,South Australia,SA,138.50844,-34.893509,625
2026-06,404011096,West Lakes,South Australia,SA,138.492117,-34.873554,455
2026-06,404011097,Woodville - Cheltenham,South Australia,SA,138.533757,-34.870249,930
2026-06,404021098,Dry Creek - South,South Australia,SA,138.543739,-34.822287,0
2026-06,404021099,Largs Bay - Semaphore,South Australia,SA,138.492837,-34.836243,575
2026-06,404021100,North Haven,South Australia,SA,138.497042,-34.793293,725
2026-06,404021101,Port Adelaide,South Australia,SA,138.522559,-34.840339,870
2026-06,404021102,The Parks,South Australia,SA,138.563037,-34.861057,1260
2026-06,404021103,Torrens Island,South Australia,SA,138.527915,-34.782724,5
2026-06,404031104,Adelaide Airport,South Australia,SA,138.53351,-34.947622,0
2026-06,404031105,Fulham,South Australia,SA,138.514764,-34.927452,55
2026-06,404031106,Lockleys,South Australia,SA,138.536874,-34.924745,365
2026-06,404031107,Plympton,South Australia,SA,138.54943,-34.958737,710
2026-06,404031108,Richmond (SA),South Australia,SA,138.566244,-34.926526,705
2026-06,404031109,West Beach,South Australia,SA,138.509834,-34.948007,85
2026-06,405011110,Barossa - Angaston,South Australia,SA,139.016311,-34.61319,175
2026-06,405011111,Light,South Australia,SA,138.864765,-34.385983,315
2026-06,405011112,Lyndoch,South Australia,SA,138.873753,-34.636794,170
2026-06,405011113,Mallala,South Australia,SA,138.470988,-34.510446,185
2026-06,405011114,Nuriootpa,South Australia,SA,138.994291,-34.468825,245
2026-06,405011115,Tanunda,South Australia,SA,138.968171,-34.524991,75
2026-06,405021116,Clare,South Australia,SA,138.599904,-33.821051,125
2026-06,405021117,Gilbert Valley,South Australia,SA,138.781695,-34.01487,205
2026-06,405021118,Goyder,South Australia,SA,139.037219,-33.718979,260
2026-06,405021119,Wakefield - Barunga West,South Australia,SA,138.218044,-33.92523,580
2026-06,405031120,Jamestown,South Australia,SA,138.499686,-33.271594,215
2026-06,405031121,Peterborough - Mount Remarkable,South Australia,SA,138.638259,-32.609709,375
2026-06,405031122,Port Pirie,South Australia,SA,138.010758,-33.191251,1100
2026-06,405031123,Port Pirie Surrounds,South Australia,SA,138.074465,-33.365152,155
2026-06,405041124,Kadina,South Australia,SA,137.759516,-33.986294,365
2026-06,405041125,Moonta,South Australia,SA,137.685386,-34.035345,300
2026-06,405041126,Wallaroo,South Australia,SA,137.700908,-33.89586,310
2026-06,405041127,Yorke Peninsula - North,South Australia,SA,137.690355,-34.490174,385
2026-06,405041128,Yorke Peninsula - South,South Australia,SA,137.346369,-35.067844,265
2026-06,406011129,Ceduna,South Australia,SA,133.684177,-32.072959,250
2026-06,406011130,Eyre Peninsula,South Australia,SA,135.753261,-34.463429,285
2026-06,406011131,Kimba - Cleve - Franklin Harbour,South Australia,SA,136.329095,-33.297576,125
2026-06,406011132,Le Hunte - Elliston,South Australia,SA,135.294943,-33.280863,80
2026-06,406011133,Port Lincoln,South Australia,SA,135.781641,-34.702988,805
2026-06,406011134,West Coast (SA),South Australia,SA,134.350429,-32.259281,305
2026-06,406011135,Western,South Australia,SA,131.000809,-29.760515,15
2026-06,406011136,Whyalla,South Australia,SA,137.542692,-33.042127,2085
2026-06,406011137,Whyalla - North,South Australia,SA,137.564023,-32.978715,5
2026-06,406021138,APY Lands,South Australia,SA,131.319396,-27.062438,690
2026-06,406021139,Coober Pedy,South Australia,SA,134.756981,-29.016387,280
2026-06,406021140,Quorn - Lake Gilles,South Australia,SA,136.790477,-32.529962,125
2026-06,406021141,Outback,South Australia,SA,137.516964,-30.117348,210
2026-06,406021142,Port Augusta,South Australia,SA,137.835742,-32.502446,1215
2026-06,406021143,Roxby Downs,South Australia,SA,136.883076,-30.515002,70
2026-06,407011144,Goolwa - Port Elliot,South Australia,SA,138.792337,-35.506981,550
2026-06,407011145,Kangaroo Island,South Australia,SA,137.156513,-35.818042,180
2026-06,407011146,Strathalbyn,South Australia,SA,138.858987,-35.230886,275
2026-06,407011147,Strathalbyn Surrounds,South Australia,SA,138.842417,-35.316064,320
2026-06,407011148,Victor Harbor,South Australia,SA,138.567131,-35.554566,675
2026-06,407011149,Yankalilla,South Australia,SA,138.404804,-35.493287,330
2026-06,407021150,Grant,South Australia,SA,140.575599,-37.821258,170
2026-06,407021151,Kingston - Robe,South Australia,SA,140.054606,-36.794033,115
2026-06,407021152,Millicent,South Australia,SA,140.34456,-37.604112,295
2026-06,407021154,Naracoorte,South Australia,SA,140.748366,-36.944874,270
2026-06,407021155,Naracoorte Surrounds,South Australia,SA,140.406824,-36.995693,50
2026-06,407021156,Penola,South Australia,SA,140.791774,-37.384716,130
2026-06,407021157,Tatiara,South Australia,SA,140.506271,-36.204187,175
2026-06,407021158,Wattle Range,South Australia,SA,140.518063,-37.603972,125
2026-06,407021173,Mount Gambier - East,South Australia,SA,140.832818,-37.831057,775
2026-06,407021174,Mount Gambier - West,South Australia,SA,140.7085,-37.810638,760
2026-06,407031159,Barmera,South Australia,SA,140.509206,-34.254463,370
2026-06,407031160,Berri,South Australia,SA,140.600276,-34.275372,295
2026-06,407031161,Karoonda - Lameroo,South Australia,SA,140.430085,-35.228218,115
2026-06,407031162,Loxton,South Australia,SA,140.603542,-34.453943,235
2026-06,407031163,Loxton Surrounds,South Australia,SA,140.576393,-34.588558,80
2026-06,407031164,Mannum,South Australia,SA,139.455876,-34.749735,450
2026-06,407031165,Murray Bridge,South Australia,SA,139.268078,-35.13624,1250
2026-06,407031166,Murray Bridge Surrounds,South Australia,SA,139.214434,-35.197382,170
2026-06,407031167,Renmark,South Australia,SA,140.746186,-34.162893,330
2026-06,407031168,Renmark Surrounds,South Australia,SA,140.87211,-34.143106,230
2026-06,407031169,The Coorong,South Australia,SA,139.697413,-35.705758,305
2026-06,407031170,Waikerie,South Australia,SA,139.740512,-34.185044,460
2026-06,501011001,Augusta,Western Australia,WA,115.166633,-34.090913,195
2026-06,501011003,Busselton Surrounds,Western Australia,WA,115.586475,-33.684713,240
2026-06,501011004,Margaret River,Western Australia,WA,115.026951,-33.914171,295
2026-06,501011293,Busselton - East,Western Australia,WA,115.396103,-33.641979,385
2026-06,501011294,Busselton - West,Western Australia,WA,115.273922,-33.689874,595
2026-06,501021005,Australind - Leschenault,Western Australia,WA,115.715179,-33.255384,535
2026-06,501021007,Capel,Western Australia,WA,115.629441,-33.529268,200
2026-06,501021008,College Grove - Carey Park,Western Australia,WA,115.656617,-33.364909,470
2026-06,501021009,Collie,Western Australia,WA,116.170907,-33.265865,610
2026-06,501021010,Dardanup,Western Australia,WA,115.854872,-33.41838,90
2026-06,501021011,Davenport,Western Australia,WA,115.688011,-33.380129,5
2026-06,501021012,Eaton - Pelican Point,Western Australia,WA,115.728821,-33.310449,385
2026-06,501021014,Harvey,Western Australia,WA,115.916047,-33.150375,410
2026-06,501021015,East Bunbury - Glen Iris,Western Australia,WA,115.678242,-33.331675,330
2026-06,501021016,Waroona,Western Australia,WA,115.908493,-32.849164,250
2026-06,501021251,Dalyellup,Western Australia,WA,115.613351,-33.41084,275
2026-06,501021252,Gelorup - Stratham,Western Australia,WA,115.619662,-33.446679,60
2026-06,501021253,South Bunbury - Bunbury,Western Australia,WA,115.637817,-33.332167,535
2026-06,501021254,Withers - Usher,Western Australia,WA,115.629882,-33.373118,490
2026-06,501031017,Bridgetown - Boyup Brook,Western Australia,WA,116.387435,-33.886601,245
2026-06,501031018,Donnybrook - Balingup,Western Australia,WA,115.997114,-33.702246,220
2026-06,501031019,Manjimup,Western Australia,WA,116.17535,-34.272427,210
2026-06,501031020,Pemberton,Western Australia,WA,116.134548,-34.422361,230
2026-06,502011021,Dawesville - Bouvard,Western Australia,WA,115.641685,-32.700504,350
2026-06,502011022,Falcon - Wannanup,Western Australia,WA,115.653843,-32.587303,420
2026-06,502011023,Greenfields,Western Australia,WA,115.762073,-32.525911,640
2026-06,502011024,Halls Head - Erskine,Western Australia,WA,115.698766,-32.544867,635
2026-06,502011025,Mandurah,Western Australia,WA,115.7359,-32.520283,1120
2026-06,502011026,Mandurah - East,Western Australia,WA,115.784171,-32.561949,355
2026-06,502011027,Mandurah - North,Western Australia,WA,115.770257,-32.481967,765
2026-06,502011028,Mandurah - South,Western Australia,WA,115.737509,-32.554859,725
2026-06,502011029,Pinjarra,Western Australia,WA,115.883968,-32.623133,485
2026-06,503011030,City Beach,Western Australia,WA,115.766556,-31.933867,30
2026-06,503011031,Claremont (WA),Western Australia,WA,115.784336,-31.981177,105
2026-06,503011032,Cottesloe,Western Australia,WA,115.75676,-31.99902,60
2026-06,503011033,Floreat,Western Australia,WA,115.793069,-31.937814,60
2026-06,503011034,Mosman Park - Peppermint Grove,Western Australia,WA,115.763732,-32.00918,190
2026-06,503011035,Nedlands - Dalkeith - Crawley,Western Australia,WA,115.807658,-31.984697,160
2026-06,503011036,Swanbourne - Mount Claremont,Western Australia,WA,115.780119,-31.966157,90
2026-06,503021037,Kings Park (WA),Western Australia,WA,115.832642,-31.962347,5
2026-06,503021038,Mount Hawthorn - Leederville,Western Australia,WA,115.839074,-31.927633,185
2026-06,503021039,Mount Lawley - Inglewood,Western Australia,WA,115.876921,-31.92459,440
2026-06,503021040,North Perth,Western Australia,WA,115.853588,-31.92485,215
2026-06,503021042,Subiaco - Shenton Park,Western Australia,WA,115.810809,-31.953258,290
2026-06,503021043,Wembley - West Leederville - Glendalough,Western Australia,WA,115.821469,-31.929374,345
2026-06,503021295,East Perth,Western Australia,WA,115.875468,-31.953713,490
2026-06,503021296,Perth (North) - Highgate,Western Australia,WA,115.865851,-31.943168,445
2026-06,503021297,Perth (West) - Northbridge,Western Australia,WA,115.852849,-31.95201,925
2026-06,504011044,Bassendean - Eden Hill - Ashfield,Western Australia,WA,115.944604,-31.90582,600
2026-06,504011045,Bayswater - Embleton - Bedford,Western Australia,WA,115.908351,-31.914047,735
2026-06,504011046,Maylands,Western Australia,WA,115.89806,-31.935757,585
2026-06,504011047,Morley,Western Australia,WA,115.911993,-31.890126,860
2026-06,504011048,Noranda,Western Australia,WA,115.898503,-31.872667,205
2026-06,504021049,Chidlow,Western Australia,WA,116.314511,-31.808688,85
2026-06,504021050,Glen Forrest - Darlington,Western Australia,WA,116.099113,-31.893774,105
2026-06,504021051,Helena Valley - Koongamia,Western Australia,WA,116.046464,-31.918428,170
2026-06,504021052,Malmalling - Reservoir,Western Australia,WA,116.2821,-31.970099,5
2026-06,504021053,Mundaring,Western Australia,WA,116.184254,-31.887773,290
2026-06,504021054,Swan View - Greenmount - Midvale,Western Australia,WA,116.043385,-31.89217,625
2026-06,504031055,Avon Valley National Park,Western Australia,WA,116.19353,-31.642797,0
2026-06,504031056,Ballajura,Western Australia,WA,115.898214,-31.825864,855
2026-06,504031057,Beechboro,Western Australia,WA,115.960573,-31.835768,950
2026-06,504031058,Bullsbrook,Western Australia,WA,116.037657,-31.672947,220
2026-06,504031060,Gidgegannup,Western Australia,WA,116.17873,-31.754228,60
2026-06,504031061,Hazelmere - Guildford,Western Australia,WA,115.999092,-31.916922,160
2026-06,504031062,Lockridge - Kiara,Western Australia,WA,115.962901,-31.877991,545
2026-06,504031063,Malaga,Western Australia,WA,115.897487,-31.856412,5
2026-06,504031064,Melaleuca - Lexia,Western Australia,WA,115.915918,-31.719418,0
2026-06,504031065,Middle Swan - Herne Hill,Western Australia,WA,116.025178,-31.849202,290
2026-06,504031066,Midland - Guildford,Western Australia,WA,116.006276,-31.893876,850
2026-06,504031067,Stratton - Jane Brook,Western Australia,WA,116.067682,-31.840814,300
2026-06,504031068,The Vines,Western Australia,WA,116.04702,-31.779279,380
2026-06,504031069,Walyunga National Park,Western Australia,WA,116.073694,-31.716395,0
2026-06,504031298,Aveley,Western Australia,WA,115.988276,-31.779706,350
2026-06,504031299,Brabham - Henley Brook,Western Australia,WA,115.98398,-31.812875,530
2026-06,504031300,Ellenbrook,Western Australia,WA,115.965367,-31.768799,805
2026-06,505011070,Craigie - Beldon,Western Australia,WA,115.768253,-31.783344,305
2026-06,505011071,Currambine - Kinross,Western Australia,WA,115.743427,-31.727318,265
2026-06,505011072,Duncraig,Western Australia,WA,115.775817,-31.831131,190
2026-06,505011073,Greenwood - Warwick,Western Australia,WA,115.805114,-31.831528,330
2026-06,505011074,Heathridge - Connolly,Western Australia,WA,115.754457,-31.757518,280
2026-06,505011075,Hillarys,Western Australia,WA,115.74317,-31.810944,135
2026-06,505011076,Iluka - Burns Beach,Western Australia,WA,115.726342,-31.727871,115
2026-06,505011077,Joondalup - Edgewater,Western Australia,WA,115.774734,-31.746641,480
2026-06,505011078,Kingsley,Western Australia,WA,115.801325,-31.810044,200
2026-06,505011079,Mullaloo - Kallaroo,Western Australia,WA,115.744268,-31.784648,165
2026-06,505011080,Ocean Reef,Western Australia,WA,115.736114,-31.75918,130
2026-06,505011081,Padbury,Western Australia,WA,115.768951,-31.806313,185
2026-06,505011082,Sorrento - Marmion,Western Australia,WA,115.754978,-31.83205,80
2026-06,505011083,Woodvale,Western Australia,WA,115.796684,-31.788469,120
2026-06,505021084,Balcatta - Hamersley,Western Australia,WA,115.817868,-31.86639,435
2026-06,505021085,Balga - Mirrabooka,Western Australia,WA,115.850974,-31.854809,1485
2026-06,505021087,Herdsman,Western Australia,WA,115.803643,-31.919261,0
2026-06,505021088,Innaloo - Doubleview,Western Australia,WA,115.788817,-31.895386,500
2026-06,505021089,Karrinyup - Gwelup - Carine,Western Australia,WA,115.783752,-31.865342,255
2026-06,505021090,Nollamara - Westminster,Western Australia,WA,115.843538,-31.874314,915
2026-06,505021091,Osborne Park Industrial,Western Australia,WA,115.811835,-31.905241,15
2026-06,505021092,Scarborough,Western Australia,WA,115.765578,-31.895977,370
2026-06,505021093,Stirling - Osborne Park,Western Australia,WA,115.815261,-31.890793,330
2026-06,505021094,Trigg - North Beach - Watermans Bay,Western Australia,WA,115.758727,-31.866965,115
2026-06,505021095,Tuart Hill - Joondanna,Western Australia,WA,115.835677,-31.901267,430
2026-06,505021096,Wembley Downs - Churchlands - Woodlands,Western Australia,WA,115.782549,-31.91602,155
2026-06,505021097,Yokine - Coolbinia - Menora,Western Australia,WA,115.856322,-31.908083,385
2026-06,505021301,Dianella - North,Western Australia,WA,115.865792,-31.877865,310
2026-06,505021302,Dianella - South,Western Australia,WA,115.876257,-31.899214,340
2026-06,505031098,Alexander Heights - Koondoola,Western Australia,WA,115.865771,-31.835768,690
2026-06,505031099,Butler - Merriwa - Ridgewood,Western Australia,WA,115.712655,-31.653876,1080
2026-06,505031100,Carramar,Western Australia,WA,115.787129,-31.686938,610
2026-06,505031101,Clarkson,Western Australia,WA,115.72684,-31.691254,575
2026-06,505031102,Girrawheen,Western Australia,WA,115.839191,-31.841188,755
2026-06,505031104,Marangaroo,Western Australia,WA,115.837095,-31.827709,485
2026-06,505031105,Mindarie - Quinns Rocks - Jindalee,Western Australia,WA,115.698999,-31.668488,475
2026-06,505031106,Neerabup National Park,Western Australia,WA,115.738022,-31.673518,0
2026-06,505031107,Tapping - Ashby - Sinagra,Western Australia,WA,115.834498,-31.723103,255
2026-06,505031255,Alkimos - Eglinton,Western Australia,WA,115.679744,-31.599946,595
2026-06,505031256,Carabooda - Pinjar,Western Australia,WA,115.772722,-31.576965,30
2026-06,505031257,Two Rocks,Western Australia,WA,115.617491,-31.496415,230
2026-06,505031258,Yanchep,Western Australia,WA,115.643648,-31.546569,495
2026-06,505031303,Hocking - Pearsall,Western Australia,WA,115.846174,-31.774841,285
2026-06,505031304,Landsdale,Western Australia,WA,115.869762,-31.807383,335
2026-06,505031305,Madeley - Darch,Western Australia,WA,115.837444,-31.802018,275
2026-06,505031306,Wanneroo - Sinagra,Western Australia,WA,115.809175,-31.749431,555
2026-06,506011110,Armadale - Wungong - Brookdale,Western Australia,WA,115.988797,-32.164081,2030
2026-06,506011111,Ashendon - Lesley,Western Australia,WA,116.214755,-32.184901,0
2026-06,506011112,Camillo - Champion Lakes,Western Australia,WA,115.994175,-32.116231,485
2026-06,506011114,Kelmscott,Western Australia,WA,116.018939,-32.115148,640
2026-06,506011115,Mount Nasura - Mount Richon - Bedfordale,Western Australia,WA,116.057208,-32.16901,215
2026-06,506011116,Roleystone,Western Australia,WA,116.097042,-32.115057,150
2026-06,506011117,Seville Grove,Western Australia,WA,115.993068,-32.13418,535
2026-06,506011307,Harrisdale,Western Australia,WA,115.933704,-32.118124,150
2026-06,506011308,Piara Waters - Forrestdale,Western Australia,WA,115.926042,-32.148073,255
2026-06,506021118,Belmont - Ascot - Redcliffe,Western Australia,WA,115.930123,-31.941268,655
2026-06,506021119,East Victoria Park - Carlisle,Western Australia,WA,115.910937,-31.984958,590
2026-06,506021120,Kewdale Commercial,Western Australia,WA,115.959709,-31.978484,5
2026-06,506021121,Perth Airport,Western Australia,WA,115.970969,-31.948766,5
2026-06,506021123,Victoria Park - Lathlain - Burswood,Western Australia,WA,115.899743,-31.962675,505
2026-06,506021309,Cloverdale,Western Australia,WA,115.941501,-31.96297,465
2026-06,506021310,Kewdale,Western Australia,WA,115.932774,-31.974308,280
2026-06,506021311,Rivervale,Western Australia,WA,115.917901,-31.961592,490
2026-06,506031124,Bentley - Wilson - St James,Western Australia,WA,115.909954,-32.012028,810
2026-06,506031125,Canning Vale - West,Western Australia,WA,115.904036,-32.092556,190
2026-06,506031126,Canning Vale Commercial,Western Australia,WA,115.910618,-32.066499,15
2026-06,506031127,Cannington - Queens Park,Western Australia,WA,115.941494,-32.012777,865
2026-06,506031128,Parkwood - Ferndale - Lynwood,Western Australia,WA,115.925911,-32.038625,430
2026-06,506031129,Riverton - Shelley - Rossmoyne,Western Australia,WA,115.890674,-32.034068,210
2026-06,506031130,Welshpool,Western Australia,WA,115.946645,-31.992897,15
2026-06,506031131,Willetton,Western Australia,WA,115.888632,-32.053862,290
2026-06,506041132,Beckenham - Kenwick - Langford,Western Australia,WA,115.969076,-32.028975,1120
2026-06,506041133,Canning Vale - East,Western Australia,WA,115.931958,-32.087512,405
2026-06,506041134,Gosnells,Western Australia,WA,115.99507,-32.087645,1555
2026-06,506041135,Huntingdale - Southern River,Western Australia,WA,115.955526,-32.098768,670
2026-06,506041136,Maddington - Orange Grove - Martin,Western Australia,WA,116.019762,-32.055886,915
2026-06,506041137,Thornlie,Western Australia,WA,115.957706,-32.061348,1045
2026-06,506051138,Forrestfield - Wattle Grove,Western Australia,WA,116.007339,-31.982879,650
2026-06,506051139,High Wycombe,Western Australia,WA,116.003102,-31.945093,450
2026-06,506051140,Kalamunda - Maida Vale - Gooseberry Hill,Western Australia,WA,116.036644,-31.958617,300
2026-06,506051141,Lesmurdie - Bickley - Carmel,Western Australia,WA,116.082855,-32.010252,195
2026-06,506061142,Byford,Western Australia,WA,115.997366,-32.214445,605
2026-06,506061143,Mundijong,Western Australia,WA,115.997136,-32.267577,195
2026-06,506061144,Serpentine - Jarrahdale,Western Australia,WA,116.043617,-32.381218,125
2026-06,506071145,Como,Western Australia,WA,115.870318,-32.00289,350
2026-06,506071146,Manning - Waterford,Western Australia,WA,115.871924,-32.018682,295
2026-06,506071147,South Perth - Kensington,Western Australia,WA,115.8696,-31.9811,325
2026-06,507011148,Banjup,Western Australia,WA,115.878724,-32.13656,370
2026-06,507011150,Bibra Industrial,Western Australia,WA,115.810404,-32.105482,5
2026-06,507011151,Bibra Lake,Western Australia,WA,115.826507,-32.088203,5
2026-06,507011152,Coogee,Western Australia,WA,115.772935,-32.127491,200
2026-06,507011153,Coolbellup,Western Australia,WA,115.808701,-32.084486,405
2026-06,507011154,Hamilton Hill,Western Australia,WA,115.779015,-32.084615,630
2026-06,507011155,Henderson,Western Australia,WA,115.778934,-32.16011,10
2026-06,507011158,North Coogee,Western Australia,WA,115.761026,-32.094973,60
2026-06,507011159,South Lake - Cockburn Central,Western Australia,WA,115.83737,-32.103839,500
2026-06,507011160,Spearwood,Western Australia,WA,115.784946,-32.107068,445
2026-06,507011161,Success - Hammond Park,Western Australia,WA,115.850297,-32.153561,370
2026-06,507011163,Yangebup,Western Australia,WA,115.824178,-32.11787,285
2026-06,507011259,Beeliar - Wattleup,Western Australia,WA,115.816046,-32.153172,270
2026-06,507011260,Jandakot,Western Australia,WA,115.868427,-32.101672,45
2026-06,507021164,East Fremantle,Western Australia,WA,115.769113,-32.036554,155
2026-06,507021165,Fremantle,Western Australia,WA,115.520351,-32.00746,915
2026-06,507021166,Fremantle - South,Western Australia,WA,115.776636,-32.070774,535
2026-06,507021167,O'Connor (WA),Western Australia,WA,115.793631,-32.059951,5
2026-06,507031169,Wellard (West) - Bertram,Western Australia,WA,115.840886,-32.257301,620
2026-06,507031170,Calista,Western Australia,WA,115.79804,-32.256098,570
2026-06,507031172,Hope Valley - Postans,Western Australia,WA,115.808681,-32.207243,5
2026-06,507031173,Kwinana Industrial,Western Australia,WA,115.774271,-32.216204,10
2026-06,507031174,Parmelia - Orelia,Western Australia,WA,115.825384,-32.243332,990
2026-06,507031261,Casuarina - Wandi,Western Australia,WA,115.867767,-32.230025,270
2026-06,507041175,Applecross - Ardross,Western Australia,WA,115.834001,-32.017568,145
2026-06,507041176,Bateman,Western Australia,WA,115.84647,-32.055901,55
2026-06,507041177,Bicton - Palmyra,Western Australia,WA,115.784862,-32.03307,280
2026-06,507041178,Booragoon,Western Australia,WA,115.848648,-32.029258,260
2026-06,507041179,Bull Creek,Western Australia,WA,115.862242,-32.055499,90
2026-06,507041180,Leeming,Western Australia,WA,115.866261,-32.076586,135
2026-06,507041181,Melville,Western Australia,WA,115.808927,-32.031707,195
2026-06,507041182,Murdoch - Kardinya,Western Australia,WA,115.826857,-32.067868,270
2026-06,507041183,Willagee,Western Australia,WA,115.804764,-32.051284,225
2026-06,507041184,Winthrop,Western Australia,WA,115.829513,-32.05265,65
2026-06,507051186,Cooloongup,Western Australia,WA,115.764611,-32.291361,640
2026-06,507051187,Port Kennedy,Western Australia,WA,115.744624,-32.371117,545
2026-06,507051188,Rockingham,Western Australia,WA,115.759471,-32.273959,1100
2026-06,507051189,Rockingham Lakes,Western Australia,WA,115.778873,-32.327673,5
2026-06,507051190,Safety Bay - Shoalwater,Western Australia,WA,115.724487,-32.303049,470
2026-06,507051191,Singleton - Golden Bay - Secret Harbour,Western Australia,WA,115.761351,-32.425697,575
2026-06,507051192,Waikiki,Western Australia,WA,115.752305,-32.315209,565
2026-06,507051193,Warnbro,Western Australia,WA,115.755448,-32.338857,620
2026-06,507051312,Baldivis - North,Western Australia,WA,115.835325,-32.322746,510
2026-06,507051313,Baldivis - South,Western Australia,WA,115.809492,-32.358486,680
2026-06,507051314,Karnup,Western Australia,WA,115.815801,-32.42012,80
2026-06,509011225,Albany,Western Australia,WA,117.892194,-35.011302,655
2026-06,509011226,Albany Surrounds,Western Australia,WA,118.259561,-34.70989,120
2026-06,509011227,Bayonet Head - Lower King,Western Australia,WA,117.918451,-34.961342,195
2026-06,509011228,Denmark,Western Australia,WA,117.136162,-34.908805,265
2026-06,509011229,Gnowangerup,Western Australia,WA,118.593806,-33.911547,100
2026-06,509011230,Katanning,Western Australia,WA,117.460618,-33.591961,340
2026-06,509011231,Kojonup,Western Australia,WA,117.384114,-34.102251,205
2026-06,509011232,Little Grove - Elleker,Western Australia,WA,117.821872,-35.059114,90
2026-06,509011233,McKail - Willyung,Western Australia,WA,117.86763,-34.953362,530
2026-06,509011234,Plantagenet,Western Australia,WA,117.512024,-34.625138,275
2026-06,509011235,Stirling Range National Park,Western Australia,WA,118.053812,-34.415372,0
2026-06,509021236,Chittering,Western Australia,WA,116.066324,-31.357873,155
2026-06,509021237,Cunderdin,Western Australia,WA,117.527969,-31.778486,270
2026-06,509021238,Dowerin,Western Australia,WA,117.024203,-30.859289,215
2026-06,509021239,Gingin - Dandaragan,Western Australia,WA,115.559136,-30.775541,385
2026-06,509021240,Merredin,Western Australia,WA,118.373258,-31.714422,275
2026-06,509021241,Moora,Western Australia,WA,116.199298,-30.528597,220
2026-06,509021242,Mukinbudin,Western Australia,WA,118.797428,-30.910732,170
2026-06,509021243,Northam,Western Australia,WA,116.664861,-31.699149,775
2026-06,509021244,Toodyay,Western Australia,WA,116.382318,-31.468714,245
2026-06,509021245,York - Beverley,Western Australia,WA,116.768458,-32.026316,325
2026-06,509031246,Brookton,Western Australia,WA,117.149731,-32.483968,210
2026-06,509031247,Kulin,Western Australia,WA,118.976951,-32.871012,150
2026-06,509031248,Murray,Western Australia,WA,116.345819,-32.770978,135
2026-06,509031249,Narrogin,Western Australia,WA,117.146721,-32.962783,250
2026-06,509031250,Wagin,Western Australia,WA,117.030764,-33.148844,215
2026-06,510011262,Broome,Western Australia,WA,122.22399,-17.953701,955
2026-06,510011263,Derby - West Kimberley,Western Australia,WA,124.778631,-17.712636,1390
2026-06,510011264,Halls Creek,Western Australia,WA,127.791228,-19.062435,830
2026-06,510011265,Kununurra,Western Australia,WA,126.58814,-15.487041,950
2026-06,510011266,Roebuck,Western Australia,WA,122.677572,-18.214537,400
2026-06,510021267,East Pilbara,Western Australia,WA,123.627011,-21.632844,400
2026-06,510021268,Newman,Western Australia,WA,119.736141,-23.362948,230
2026-06,510021269,Port Hedland,Western Australia,WA,118.640972,-20.340231,80
2026-06,510021270,South Hedland,Western Australia,WA,118.599356,-20.407528,900
2026-06,510031271,Ashburton (WA),Western Australia,WA,116.824743,-22.525224,155
2026-06,510031272,Karratha,Western Australia,WA,116.834317,-20.7479,660
2026-06,510031273,Roebourne,Western Australia,WA,116.958382,-21.123869,275
2026-06,511011274,Esperance,Western Australia,WA,121.859255,-33.822078,460
2026-06,511011275,Esperance Surrounds,Western Australia,WA,121.735921,-33.489009,150
2026-06,511021276,Carnarvon,Western Australia,WA,113.684902,-24.870756,570
2026-06,511021277,Exmouth,Western Australia,WA,115.534939,-24.544493,195
2026-06,511031278,Boulder,Western Australia,WA,121.491305,-30.790373,490
2026-06,511031279,Kalgoorlie,Western Australia,WA,121.470606,-30.757663,495
2026-06,511031280,Kalgoorlie - North,Western Australia,WA,121.447069,-30.739758,250
2026-06,511031281,Kalgoorlie Airport,Western Australia,WA,121.459657,-30.790764,5
2026-06,511031282,Kambalda - Coolgardie - Norseman,Western Australia,WA,124.505736,-31.614446,420
2026-06,511031283,Leinster - Leonora,Western Australia,WA,125.390465,-27.059309,720
2026-06,511031284,Trafalgar (WA),Western Australia,WA,121.527113,-30.77301,5
2026-06,511041285,Geraldton,Western Australia,WA,114.628172,-28.758154,960
2026-06,511041286,Geraldton - East,Western Australia,WA,114.672549,-28.809858,630
2026-06,511041287,Geraldton - North,Western Australia,WA,114.64618,-28.667581,300
2026-06,511041288,Geraldton - South,Western Australia,WA,114.637389,-28.845939,270
2026-06,511041289,Irwin,Western Australia,WA,115.10139,-29.340736,185
2026-06,511041290,Meekatharra,Western Australia,WA,120.037324,-26.545269,450
2026-06,511041291,Morawa,Western Australia,WA,116.177021,-29.483637,250
2026-06,511041292,Northampton - Mullewa - Greenough,Western Australia,WA,114.988522,-28.087089,385
2026-06,601011001,Bridgewater - Gagebrook,Tasmania,TAS,147.147577,-42.733386,880
2026-06,601011002,Brighton - Pontville,Tasmania,TAS,147.295346,-42.700051,230
2026-06,601011003,Old Beach - Otago,Tasmania,TAS,147.294619,-42.771573,110
2026-06,601021004,Bellerive - Rosny,Tasmania,TAS,147.378656,-42.871599,165
2026-06,601021005,Cambridge,Tasmania,TAS,147.466654,-42.850826,145
2026-06,601021006,Geilston Bay - Risdon,Tasmania,TAS,147.348695,-42.828858,80
2026-06,601021007,Howrah - Tranmere,Tasmania,TAS,147.418925,-42.902369,205
2026-06,601021008,Lindisfarne - Rose Bay,Tasmania,TAS,147.371899,-42.84249,145
2026-06,601021009,Mornington - Warrane,Tasmania,TAS,147.395702,-42.855171,265
2026-06,601021010,Risdon Vale,Tasmania,TAS,147.34937,-42.79239,170
2026-06,601021011,Rokeby,Tasmania,TAS,147.441527,-42.904472,470
2026-06,601021012,South Arm,Tasmania,TAS,147.500848,-42.984463,105
2026-06,601031013,Austins Ferry - Granton,Tasmania,TAS,147.193485,-42.763498,125
2026-06,601031014,Berriedale - Chigwell,Tasmania,TAS,147.198599,-42.831187,305
2026-06,601031015,Claremont (Tas.),Tasmania,TAS,147.222878,-42.785394,420
2026-06,601031016,Derwent Park - Lutana,Tasmania,TAS,147.305996,-42.834145,270
2026-06,601031017,Glenorchy,Tasmania,TAS,147.255874,-42.844089,695
2026-06,601031018,Montrose - Rosetta,Tasmania,TAS,147.250668,-42.827688,220
2026-06,601031019,Moonah,Tasmania,TAS,147.299869,-42.847915,275
2026-06,601031020,New Norfolk,Tasmania,TAS,147.078623,-42.767902,490
2026-06,601031021,West Moonah,Tasmania,TAS,147.281552,-42.849643,170
2026-06,601041022,Kingston - Huntingfield,Tasmania,TAS,147.263893,-42.970115,370
2026-06,601041023,Kingston Beach - Blackmans Bay,Tasmania,TAS,147.310002,-43.018172,250
2026-06,601041024,Margate - Snug,Tasmania,TAS,147.209885,-43.030039,220
2026-06,601041025,Mount Wellington,Tasmania,TAS,147.210126,-42.897163,0
2026-06,601041026,Taroona - Bonnet Hill,Tasmania,TAS,147.338787,-42.953593,65
2026-06,601051027,Hobart,Tasmania,TAS,147.324113,-42.874933,515
2026-06,601051028,Lenah Valley - Mount Stuart,Tasmania,TAS,147.282466,-42.869788,205
2026-06,601051029,Mount Nelson - Dynnyrne,Tasmania,TAS,147.314717,-42.912102,95
2026-06,601051030,New Town,Tasmania,TAS,147.305878,-42.85618,260
2026-06,601051031,Sandy Bay,Tasmania,TAS,147.3438,-42.910955,210
2026-06,601051032,South Hobart - Fern Tree,Tasmania,TAS,147.285649,-42.916903,185
2026-06,601051033,West Hobart,Tasmania,TAS,147.302763,-42.883626,165
2026-06,601061034,Dodges Ferry - Lewisham,Tasmania,TAS,147.732644,-42.809099,425
2026-06,601061035,Sorell - Richmond,Tasmania,TAS,147.565502,-42.737497,340
2026-06,602011036,Invermay,Tasmania,TAS,147.130522,-41.420981,230
2026-06,602011037,Kings Meadows - Punchbowl,Tasmania,TAS,147.160325,-41.468368,215
2026-06,602011038,Launceston,Tasmania,TAS,147.14263,-41.433566,290
2026-06,602011039,Legana,Tasmania,TAS,147.039143,-41.37369,105
2026-06,602011040,Mowbray,Tasmania,TAS,147.150413,-41.403826,300
2026-06,602011041,Newnham - Mayfield,Tasmania,TAS,147.134355,-41.37975,740
2026-06,602011042,Newstead,Tasmania,TAS,147.161847,-41.441067,140
2026-06,602011043,Norwood (Tas.),Tasmania,TAS,147.181692,-41.460155,85
2026-06,602011044,Prospect Vale - Blackstone,Tasmania,TAS,147.095322,-41.473524,180
2026-06,602011045,Ravenswood,Tasmania,TAS,147.184156,-41.416397,425
2026-06,602011046,Riverside,Tasmania,TAS,147.045281,-41.421279,185
2026-06,602011047,South Launceston,Tasmania,TAS,147.147956,-41.45583,195
2026-06,602011048,Summerhill - Prospect,Tasmania,TAS,147.143905,-41.480761,205
2026-06,602011049,Trevallyn,Tasmania,TAS,147.100797,-41.442461,125
2026-06,602011050,Waverley - St Leonards,Tasmania,TAS,147.231785,-41.452314,220
2026-06,602011051,West Launceston,Tasmania,TAS,147.12611,-41.452406,130
2026-06,602011052,Youngtown - Relbia,Tasmania,TAS,147.187093,-41.486125,145
2026-06,602021053,Beauty Point - Beaconsfield,Tasmania,TAS,146.771416,-41.193452,255
2026-06,602021054,Deloraine,Tasmania,TAS,146.326078,-41.650479,265
2026-06,602021055,Grindelwald - Lanena,Tasmania,TAS,146.888081,-41.31245,210
2026-06,602021056,Hadspen - Carrick,Tasmania,TAS,147.021941,-41.516987,100
2026-06,602021057,Westbury,Tasmania,TAS,146.846482,-41.552679,185
2026-06,602031058,Dilston - Lilydale,Tasmania,TAS,147.348231,-41.340533,140
2026-06,602031059,George Town,Tasmania,TAS,147.017683,-41.127555,505
2026-06,602031060,Longford,Tasmania,TAS,147.067919,-41.595489,170
2026-06,602031061,Northern Midlands,Tasmania,TAS,147.436289,-41.879849,220
2026-06,602031062,Perth - Evandale,Tasmania,TAS,147.265508,-41.581343,155
2026-06,602031064,St Helens - Scamander,Tasmania,TAS,147.968791,-41.359695,550
2026-06,602031099,Flinders and Cape Barren Islands,Tasmania,TAS,148.217719,-40.391814,40
2026-06,602031100,Scottsdale - Bridport,Tasmania,TAS,147.676059,-41.049766,355
2026-06,603011065,Central Highlands,Tasmania,TAS,146.693588,-42.258113,175
2026-06,603011066,Derwent Valley,Tasmania,TAS,146.758408,-42.774943,180
2026-06,603011067,Southern Midlands,Tasmania,TAS,147.462147,-42.410789,310
2026-06,603011068,Wilderness - East,Tasmania,TAS,146.207984,-42.841285,0
2026-06,603021069,Bruny Island - Kettering,Tasmania,TAS,147.23352,-43.193159,135
2026-06,603021070,Cygnet,Tasmania,TAS,147.033686,-43.182919,315
2026-06,603021071,Geeveston - Dover,Tasmania,TAS,146.893553,-43.325718,255
2026-06,603021072,Huonville - Franklin,Tasmania,TAS,146.944152,-42.992854,400
2026-06,603031073,Forestier - Tasman,Tasmania,TAS,147.687248,-43.042282,150
2026-06,603031074,Triabunna - Bicheno,Tasmania,TAS,147.925235,-42.274506,200
2026-06,604011075,Acton - Upper Burnie,Tasmania,TAS,145.896171,-41.070755,235
2026-06,604011076,Burnie - Ulverstone Surrounds,Tasmania,TAS,145.920817,-41.284414,180
2026-06,604011077,Burnie - Wivenhoe,Tasmania,TAS,145.939299,-41.075374,345
2026-06,604011078,Parklands - Camdale,Tasmania,TAS,145.864175,-41.058253,330
2026-06,604011079,Penguin - Sulphur Creek,Tasmania,TAS,146.053085,-41.126071,195
2026-06,604011080,Romaine - Havenview,Tasmania,TAS,145.898149,-41.091153,165
2026-06,604011081,Somerset,Tasmania,TAS,145.797954,-41.058626,175
2026-06,604011082,Ulverstone,Tasmania,TAS,146.178963,-41.174938,310
2026-06,604011083,West Ulverstone,Tasmania,TAS,146.130177,-41.146813,205
2026-06,604011084,Wynyard,Tasmania,TAS,145.716638,-41.02266,280
2026-06,604021085,Devonport,Tasmania,TAS,146.343009,-41.175426,820
2026-06,604021086,East Devonport,Tasmania,TAS,146.389719,-41.189508,340
2026-06,604021087,Latrobe,Tasmania,TAS,146.463582,-41.284587,225
2026-06,604021088,Miandetta - Don,Tasmania,TAS,146.305152,-41.189368,110
2026-06,604021089,Port Sorell,Tasmania,TAS,146.504775,-41.212585,205
2026-06,604021090,Quoiba - Spreyton,Tasmania,TAS,146.333917,-41.227388,115
2026-06,604021091,Sheffield - Railton,Tasmania,TAS,146.26703,-41.463376,300
2026-06,604021092,Turners Beach - Forth,Tasmania,TAS,146.248569,-41.221116,90
2026-06,604031093,King Island,Tasmania,TAS,143.978584,-39.868608,25
2026-06,604031094,North West,Tasmania,TAS,145.032313,-41.154537,125
2026-06,604031095,Smithton,Tasmania,TAS,145.13638,-40.845359,205
2026-06,604031096,Waratah,Tasmania,TAS,145.422171,-41.306929,180
2026-06,604031097,West Coast (Tas.),Tasmania,TAS,145.604819,-41.930058,335
2026-06,604031098,Wilderness - West,Tasmania,TAS,145.648715,-42.677852,0
2026-06,701011001,Darwin Airport,Northern Territory,NT,130.88229,-12.410874,0
2026-06,701011002,Darwin City,Northern Territory,NT,130.843493,-12.463004,350
2026-06,701011003,East Point,Northern Territory,NT,130.835683,-12.412494,5
2026-06,701011004,Fannie Bay - The Gardens,Northern Territory,NT,130.835941,-12.436739,55
2026-06,701011005,Larrakeyah,Northern Territory,NT,130.825963,-12.454625,50
2026-06,701011006,Ludmilla - The Narrows,Northern Territory,NT,130.851108,-12.416528,135
2026-06,701011007,Parap,Northern Territory,NT,130.843885,-12.434107,110
2026-06,701011008,Stuart Park,Northern Territory,NT,130.845533,-12.446166,110
2026-06,701011009,Woolner - Bayview - Winnellie,Northern Territory,NT,130.855929,-12.433747,55
2026-06,701021010,Alawa,Northern Territory,NT,130.874493,-12.379587,105
2026-06,701021011,Anula,Northern Territory,NT,130.890521,-12.390291,75
2026-06,701021012,Berrimah,Northern Territory,NT,130.93599,-12.430301,170
2026-06,701021013,Brinkin - Nakara,Northern Territory,NT,130.87305,-12.370913,140
2026-06,701021014,Buffalo Creek,Northern Territory,NT,130.922485,-12.372617,0
2026-06,701021015,Charles Darwin,Northern Territory,NT,130.903998,-12.449195,5
2026-06,701021016,Coconut Grove,Northern Territory,NT,130.851913,-12.395276,170
2026-06,701021017,East Arm,Northern Territory,NT,130.908897,-12.477582,5
2026-06,701021018,Jingili,Northern Territory,NT,130.872184,-12.388959,70
2026-06,701021019,Karama,Northern Territory,NT,130.91552,-12.400402,320
2026-06,701021020,Leanyer,Northern Territory,NT,130.89923,-12.375202,95
2026-06,701021021,Lyons (NT),Northern Territory,NT,130.892528,-12.347434,40
2026-06,701021022,Malak - Marrara,Northern Territory,NT,130.891335,-12.398976,345
2026-06,701021023,Millner,Northern Territory,NT,130.86278,-12.391683,100
2026-06,701021024,Moil,Northern Territory,NT,130.881447,-12.388052,80
2026-06,701021025,Nightcliff,Northern Territory,NT,130.847982,-12.382829,130
2026-06,701021026,Rapid Creek,Northern Territory,NT,130.859381,-12.381276,80
2026-06,701021027,Tiwi,Northern Territory,NT,130.877808,-12.357071,65
2026-06,701021028,Wagaman,Northern Territory,NT,130.884774,-12.381101,75
2026-06,701021029,Wanguri,Northern Territory,NT,130.888715,-12.371691,65
2026-06,701021030,Wulagi,Northern Territory,NT,130.895009,-12.382752,70
2026-06,701031031,Howard Springs,Northern Territory,NT,131.044275,-12.467282,120
2026-06,701031032,Humpty Doo,Northern Territory,NT,131.139118,-12.556878,325
2026-06,701031033,Koolpinyah,Northern Territory,NT,131.162634,-12.349561,0
2026-06,701031034,Virginia,Northern Territory,NT,131.030713,-12.554086,115
2026-06,701031035,Weddell,Northern Territory,NT,131.115981,-12.666962,270
2026-06,701041036,Bakewell,Northern Territory,NT,130.992763,-12.496706,95
2026-06,701041037,Driver,Northern Territory,NT,130.97373,-12.487025,130
2026-06,701041038,Durack - Marlow Lagoon,Northern Territory,NT,130.970493,-12.479337,75
2026-06,701041039,Gray,Northern Territory,NT,130.981546,-12.490371,390
2026-06,701041040,Moulden,Northern Territory,NT,130.972425,-12.505626,310
2026-06,701041041,Palmerston - North,Northern Territory,NT,130.994623,-12.481031,115
2026-06,701041042,Palmerston - South,Northern Territory,NT,130.957988,-12.514536,105
2026-06,701041043,Rosebery - Bellamack,Northern Territory,NT,130.988487,-12.510835,90
2026-06,701041044,Woodroffe,Northern Territory,NT,130.980163,-12.502674,225
2026-06,702011045,Charles,Northern Territory,NT,133.875972,-23.684185,405
2026-06,702011046,East Side,Northern Territory,NT,133.912965,-23.689765,385
2026-06,702011047,Flynn (NT),Northern Territory,NT,133.841644,-23.712479,310
2026-06,702011048,Larapinta,Northern Territory,NT,133.832325,-23.67321,305
2026-06,702011049,Mount Johns,Northern Territory,NT,133.903755,-23.720188,165
2026-06,702011050,Petermann - Simpson,Northern Territory,NT,131.407653,-24.937351,350
2026-06,702011051,Ross,Northern Territory,NT,133.830989,-23.777558,225
2026-06,702011052,Sandover - Plenty,Northern Territory,NT,135.409898,-23.206614,955
2026-06,702011053,Tanami,Northern Territory,NT,129.741716,-21.115296,730
2026-06,702011054,Yuendumu - Anmatjere,Northern Territory,NT,132.427334,-21.724771,590
2026-06,702021055,Barkly,Northern Territory,NT,135.009829,-19.266389,590
2026-06,702021056,Tennant Creek,Northern Territory,NT,134.191131,-19.658466,505
2026-06,702031057,Alligator,Northern Territory,NT,131.643292,-12.925674,505
2026-06,702031058,Daly,Northern Territory,NT,130.912445,-14.034479,435
2026-06,702031059,Thamarrurr,Northern Territory,NT,129.72463,-14.097645,740
2026-06,702031060,Tiwi Islands,Northern Territory,NT,130.972254,-11.552186,750
2026-06,702031061,West Arnhem,Northern Territory,NT,133.399098,-12.125957,1665
2026-06,702041062,Anindilyakwa,Northern Territory,NT,136.586651,-13.979511,580
2026-06,702041063,East Arnhem,Northern Territory,NT,135.648077,-13.099468,2395
2026-06,702041064,Nhulunbuy,Northern Territory,NT,136.77851,-12.181107,100
2026-06,702051065,Elsey,Northern Territory,NT,133.232576,-15.071775,560
2026-06,702051066,Gulf,Northern Territory,NT,135.293782,-15.497279,1150
2026-06,702051067,Katherine,Northern Territory,NT,132.169724,-14.650861,1030
2026-06,702051068,Victoria River,Northern Territory,NT,130.701264,-16.699004,590
2026-06,801011001,Aranda,Australian Capital Territory,ACT,149.080931,-35.257864,30
2026-06,801011002,Belconnen,Australian Capital Territory,ACT,149.067687,-35.236119,280
2026-06,801011003,Bruce,Australian Capital Territory,ACT,149.093856,-35.24408,150
2026-06,801011004,Charnwood,Australian Capital Territory,ACT,149.033776,-35.20049,115
2026-06,801011005,Cook,Australian Capital Territory,ACT,149.066434,-35.260397,55
2026-06,801011006,Dunlop,Australian Capital Territory,ACT,149.019565,-35.194863,145
2026-06,801011007,Evatt,Australian Capital Territory,ACT,149.07125,-35.211179,100
2026-06,801011008,Florey,Australian Capital Territory,ACT,149.047991,-35.226721,115
2026-06,801011009,Flynn (ACT),Australian Capital Territory,ACT,149.041981,-35.206176,70
2026-06,801011010,Fraser,Australian Capital Territory,ACT,149.045213,-35.191752,40
2026-06,801011011,Giralang,Australian Capital Territory,ACT,149.097852,-35.21035,75
2026-06,801011012,Gooromon,Australian Capital Territory,ACT,149.071249,-35.190987,0
2026-06,801011013,Hawker,Australian Capital Territory,ACT,149.035827,-35.247518,70
2026-06,801011014,Higgins,Australian Capital Territory,ACT,149.027019,-35.233178,95
2026-06,801011015,Holt,Australian Capital Territory,ACT,149.013901,-35.224504,170
2026-06,801011016,Kaleen,Australian Capital Territory,ACT,149.111339,-35.226671,150
2026-06,801011017,Latham,Australian Capital Territory,ACT,149.030438,-35.216628,100
2026-06,801011018,Lawson,Australian Capital Territory,ACT,149.087595,-35.225521,25
2026-06,801011019,Macgregor (ACT),Australian Capital Territory,ACT,149.012155,-35.208804,155
2026-06,801011020,Macquarie,Australian Capital Territory,ACT,149.065374,-35.251,85
2026-06,801011021,McKellar,Australian Capital Territory,ACT,149.075698,-35.217517,75
2026-06,801011022,Melba,Australian Capital Territory,ACT,149.054521,-35.210248,80
2026-06,801011023,Page,Australian Capital Territory,ACT,149.049898,-35.237729,85
2026-06,801011024,Scullin,Australian Capital Territory,ACT,149.040022,-35.234512,85
2026-06,801011025,Spence,Australian Capital Territory,ACT,149.065878,-35.198816,100
2026-06,801011026,Weetangera,Australian Capital Territory,ACT,149.049561,-35.250446,25
2026-06,801011111,Molonglo Corridor,Australian Capital Territory,ACT,149.008407,-35.255128,0
2026-06,801011142,Macnamara,Australian Capital Territory,ACT,148.976117,-35.21855,5
2026-06,801011143,Strathnairn,Australian Capital Territory,ACT,148.984944,-35.231924,45
2026-06,801011144,West Belconnen,Australian Capital Territory,ACT,148.990402,-35.207066,5
2026-06,801031031,Hume,Australian Capital Territory,ACT,149.164257,-35.387682,5
2026-06,801031032,Kowen,Australian Capital Territory,ACT,149.306461,-35.30472,5
2026-06,801031113,Canberra East,Australian Capital Territory,ACT,149.157301,-35.363,125
2026-06,801031114,Canberra Airport,Australian Capital Territory,ACT,149.196439,-35.303325,0
2026-06,801031115,Majura,Australian Capital Territory,ACT,149.2054,-35.273858,5
2026-06,801041034,Amaroo,Australian Capital Territory,ACT,149.127399,-35.168768,105
2026-06,801041035,Bonner,Australian Capital Territory,ACT,149.142258,-35.157289,125
2026-06,801041036,Casey,Australian Capital Territory,ACT,149.095629,-35.165576,100
2026-06,801041037,Crace,Australian Capital Territory,ACT,149.106858,-35.203294,35
2026-06,801041038,Forde,Australian Capital Territory,ACT,149.143799,-35.166921,45
2026-06,801041039,Franklin,Australian Capital Territory,ACT,149.143347,-35.197885,100
2026-06,801041040,Gungahlin,Australian Capital Territory,ACT,149.132625,-35.187719,260
2026-06,801041043,Hall,Australian Capital Territory,ACT,149.062197,-35.169857,5
2026-06,801041044,Harrison,Australian Capital Territory,ACT,149.156452,-35.19726,115
2026-06,801041045,Mitchell,Australian Capital Territory,ACT,149.129953,-35.214426,5
2026-06,801041046,Ngunnawal,Australian Capital Territory,ACT,149.107739,-35.171344,205
2026-06,801041047,Nicholls,Australian Capital Territory,ACT,149.097039,-35.188375,80
2026-06,801041048,Palmerston,Australian Capital Territory,ACT,149.119483,-35.193263,125
2026-06,801041116,Gungahlin - East,Australian Capital Territory,ACT,149.178057,-35.182609,0
2026-06,801041117,Gungahlin - West,Australian Capital Territory,ACT,149.08308,-35.154099,0
2026-06,801041118,Jacka,Australian Capital Territory,ACT,149.129519,-35.151619,20
2026-06,801041119,Kenny,Australian Capital Territory,ACT,149.165538,-35.215213,5
2026-06,801041120,Moncrieff,Australian Capital Territory,ACT,149.11684,-35.160159,90
2026-06,801041121,Taylor,Australian Capital Territory,ACT,149.107846,-35.146521,115
2026-06,801041122,Throsby,Australian Capital Territory,ACT,149.16426,-35.190811,45
2026-06,801051049,Acton,Australian Capital Territory,ACT,149.115801,-35.279943,20
2026-06,801051050,Ainslie,Australian Capital Territory,ACT,149.145883,-35.263823,120
2026-06,801051051,Braddon,Australian Capital Territory,ACT,149.135378,-35.269921,150
2026-06,801051053,Civic,Australian Capital Territory,ACT,149.128831,-35.281204,125
2026-06,801051054,Dickson,Australian Capital Territory,ACT,149.140176,-35.254126,95
2026-06,801051055,Downer,Australian Capital Territory,ACT,149.143298,-35.24246,110
2026-06,801051056,Hackett,Australian Capital Territory,ACT,149.162679,-35.249828,75
2026-06,801051057,Lyneham,Australian Capital Territory,ACT,149.124624,-35.242955,150
2026-06,801051058,O'Connor (ACT),Australian Capital Territory,ACT,149.108988,-35.256247,125
2026-06,801051060,Turner,Australian Capital Territory,ACT,149.123543,-35.267718,105
2026-06,801051061,Watson,Australian Capital Territory,ACT,149.15731,-35.234764,130
2026-06,801051123,Black Mountain,Australian Capital Territory,ACT,149.099254,-35.278124,0
2026-06,801051124,Campbell,Australian Capital Territory,ACT,149.152712,-35.284354,100
2026-06,801051125,Duntroon,Australian Capital Territory,ACT,149.164542,-35.296779,0
2026-06,801051126,Parkes (ACT) - North,Australian Capital Territory,ACT,149.144331,-35.295247,5
2026-06,801051127,Reid,Australian Capital Territory,ACT,149.142148,-35.282662,75
2026-06,801051128,Russell,Australian Capital Territory,ACT,149.150682,-35.297697,0
2026-06,801061062,Deakin,Australian Capital Territory,ACT,149.102343,-35.319052,25
2026-06,801061063,Forrest,Australian Capital Territory,ACT,149.124825,-35.316957,5
2026-06,801061064,Griffith (ACT),Australian Capital Territory,ACT,149.136514,-35.326511,70
2026-06,801061066,Lake Burley Griffin,Australian Capital Territory,ACT,149.116067,-35.297214,0
2026-06,801061067,Narrabundah,Australian Capital Territory,ACT,149.148882,-35.335093,115
2026-06,801061068,Parkes (ACT) - South,Australian Capital Territory,ACT,149.130918,-35.303288,5
2026-06,801061069,Red Hill (ACT),Australian Capital Territory,ACT,149.123362,-35.333208,40
2026-06,801061070,Yarralumla,Australian Capital Territory,ACT,149.11353,-35.301422,30
2026-06,801061129,Barton,Australian Capital Territory,ACT,149.136222,-35.309493,10
2026-06,801061130,Fyshwick,Australian Capital Territory,ACT,149.169879,-35.322439,40
2026-06,801061131,Kingston (ACT),Australian Capital Territory,ACT,149.146492,-35.314415,65
2026-06,801071071,Banks,Australian Capital Territory,ACT,149.100769,-35.471607,90
2026-06,801071072,Bonython,Australian Capital Territory,ACT,149.080728,-35.435101,95
2026-06,801071073,Calwell,Australian Capital Territory,ACT,149.106295,-35.442959,100
2026-06,801071074,Chisholm,Australian Capital Territory,ACT,149.122861,-35.421817,120
2026-06,801071075,Conder,Australian Capital Territory,ACT,149.100952,-35.457649,100
2026-06,801071076,Fadden,Australian Capital Territory,ACT,149.116489,-35.403132,25
2026-06,801071077,Gilmore,Australian Capital Territory,ACT,149.1377,-35.415058,70
2026-06,801071078,Gordon (ACT),Australian Capital Territory,ACT,149.08371,-35.456361,160
2026-06,801071079,Gowrie (ACT),Australian Capital Territory,ACT,149.109995,-35.411741,65
2026-06,801071080,Greenway,Australian Capital Territory,ACT,149.064628,-35.415211,140
2026-06,801071081,Isabella Plains,Australian Capital Territory,ACT,149.095051,-35.429225,90
2026-06,801071082,Kambah,Australian Capital Territory,ACT,149.063397,-35.386416,395
2026-06,801071083,Macarthur,Australian Capital Territory,ACT,149.133029,-35.405262,20
2026-06,801071084,Monash,Australian Capital Territory,ACT,149.08876,-35.415232,100
2026-06,801071085,Mount Taylor,Australian Capital Territory,ACT,149.091779,-35.382242,5
2026-06,801071086,Oxley (ACT),Australian Capital Territory,ACT,149.078947,-35.40916,50
2026-06,801071087,Richardson,Australian Capital Territory,ACT,149.108576,-35.426007,95
2026-06,801071088,Theodore,Australian Capital Territory,ACT,149.119762,-35.449486,90
2026-06,801071089,Tuggeranong,Australian Capital Territory,ACT,149.108564,-35.498567,5
2026-06,801071090,Wanniassa,Australian Capital Territory,ACT,149.089202,-35.397703,190
2026-06,801071132,Tuggeranong - West,Australian Capital Territory,ACT,149.019834,-35.393426,0
2026-06,801081091,Chapman,Australian Capital Territory,ACT,149.036764,-35.354553,35
2026-06,801081092,Duffy,Australian Capital Territory,ACT,149.030467,-35.334812,60
2026-06,801081093,Fisher,Australian Capital Territory,ACT,149.057972,-35.360253,60
2026-06,801081094,Holder,Australian Capital Territory,ACT,149.045963,-35.333903,50
2026-06,801081095,Rivett,Australian Capital Territory,ACT,149.036804,-35.347621,70
2026-06,801081096,Stirling,Australian Capital Territory,ACT,149.049798,-35.34921,30
2026-06,801081097,Waramanga,Australian Capital Territory,ACT,149.061872,-35.352319,65
2026-06,801081098,Weston,Australian Capital Territory,ACT,149.058614,-35.331021,60
2026-06,801081133,Scrivener,Australian Capital Territory,ACT,149.073632,-35.310117,5
2026-06,801091099,Chifley,Australian Capital Territory,ACT,149.077903,-35.353613,45
2026-06,801091100,Curtin,Australian Capital Territory,ACT,149.075945,-35.325364,80
2026-06,801091101,Farrer,Australian Capital Territory,ACT,149.10228,-35.376232,45
2026-06,801091102,Garran,Australian Capital Territory,ACT,149.106806,-35.340939,35
2026-06,801091103,Hughes,Australian Capital Territory,ACT,149.095463,-35.332707,40
2026-06,801091104,Isaacs,Australian Capital Territory,ACT,149.115157,-35.368428,30
2026-06,801091105,Lyons (ACT),Australian Capital Territory,ACT,149.07416,-35.340163,70
2026-06,801091106,Mawson,Australian Capital Territory,ACT,149.099247,-35.363313,50
2026-06,801091107,O'Malley,Australian Capital Territory,ACT,149.112751,-35.353887,10
2026-06,801091108,Pearce,Australian Capital Territory,ACT,149.083656,-35.362922,45
2026-06,801091109,Phillip,Australian Capital Territory,ACT,149.091679,-35.34703,150
2026-06,801091110,Torrens,Australian Capital Territory,ACT,149.087092,-35.371277,40
2026-06,801101134,Arboretum,Australian Capital Territory,ACT,149.066343,-35.297789,0
2026-06,801101135,Coombs,Australian Capital Territory,ACT,149.040804,-35.317688,115
2026-06,801101136,Denman Prospect,Australian Capital Territory,ACT,149.027104,-35.294142,55
2026-06,801101137,Molonglo,Australian Capital Territory,ACT,149.041294,-35.298349,5
2026-06,801101139,Wright,Australian Capital Territory,ACT,149.033728,-35.318015,55
2026-06,801101145,Molonglo - East,Australian Capital Territory,ACT,149.049278,-35.291235,0
2026-06,801101146,Whitlam,Australian Capital Territory,ACT,149.033585,-35.278125,45
2026-06,801111140,ACT - South West,Australian Capital Territory,ACT,148.976499,-35.376526,5
2026-06,801111141,Namadgi,Australian Capital Territory,ACT,148.929755,-35.612595,5
